geoid,sta,cntyname,nforeclose,nvacancy,fordq_num,fordq_rate,vac_rate,num_mort_tract,pct_lchl,pct_hcll,pct_hchl,ofheo_price_change,pct_unem_2008,unem_ch0708
72021030901,PR,Bayamon Municipio,10,10,29,9.2%,1.3%,316,20.7%,11.1%,2.2%,0.0%,9.6%,0.8%
72021030902,PR,Bayamon Municipio,6,6,21,6.9%,2.5%,299,20.3%,4.9%,2.4%,0.0%,9.6%,0.8%
72021030903,PR,Bayamon Municipio,17,11,34,16.6%,1.1%,206,17.2%,20.7%,6.9%,0.0%,9.6%,0.8%
72021030904,PR,Bayamon Municipio,12,10,30,11.0%,1.3%,276,14.4%,11.0%,3.0%,0.0%,9.6%,0.8%
72021031002,PR,Bayamon Municipio,12,9,62,5.6%,0.7%,"1,118",25.6%,3.6%,3.0%,0.0%,9.6%,0.8%
72021031004,PR,Bayamon Municipio,6,6,27,7.2%,,384,17.2%,4.7%,1.8%,0.0%,9.6%,0.8%
72021031005,PR,Bayamon Municipio,8,8,29,8.1%,2.3%,363,19.2%,8.6%,1.5%,0.0%,9.6%,0.8%
72021031011,PR,Bayamon Municipio,14,12,83,7.8%,1.9%,"1,058",13.9%,4.3%,2.1%,0.0%,9.6%,0.8%
72021031013,PR,Bayamon Municipio,15,15,87,7.4%,,"1,173",19.9%,6.9%,1.8%,0.0%,9.6%,0.8%
72021031021,PR,Bayamon Municipio,8,8,40,7.3%,1.1%,546,16.7%,5.2%,1.6%,0.0%,9.6%,0.8%
72021031023,PR,Bayamon Municipio,10,10,49,7.5%,,658,18.4%,3.9%,3.4%,0.0%,9.6%,0.8%
72021031031,PR,Bayamon Municipio,13,13,73,7.0%,,"1,042",18.7%,4.5%,2.3%,0.0%,9.6%,0.8%
72021031101,PR,Bayamon Municipio,8,8,42,7.8%,2.1%,538,20.3%,8.1%,1.7%,0.0%,9.6%,0.8%
72021031112,PR,Bayamon Municipio,10,10,51,8.2%,,628,15.9%,7.3%,1.4%,0.0%,9.6%,0.8%
72021031113,PR,Bayamon Municipio,10,9,51,8.0%,0.8%,640,19.7%,8.0%,1.9%,0.0%,9.6%,0.8%
72021031114,PR,Bayamon Municipio,4,4,22,5.6%,,401,24.5%,1.9%,3.8%,0.0%,9.6%,0.8%
72021031121,PR,Bayamon Municipio,11,8,51,10.0%,0.6%,509,17.0%,10.0%,3.0%,0.0%,9.6%,0.8%
72021031122,PR,Bayamon Municipio,11,13,59,8.1%,3.2%,731,26.5%,11.4%,2.3%,0.0%,9.6%,0.8%
72021031123,PR,Bayamon Municipio,10,13,32,9.2%,3.4%,342,20.5%,12.1%,1.5%,0.0%,9.6%,0.8%
72021031201,PR,Bayamon Municipio,13,13,14,11.5%,2.8%,123,14.8%,10.4%,4.3%,0.0%,9.6%,0.8%
72021031202,PR,Bayamon Municipio,3,3,14,4.7%,,297,25.2%,5.5%,0.0%,0.0%,9.6%,0.8%
72021031203,PR,Bayamon Municipio,5,5,20,6.1%,2.0%,332,26.7%,7.3%,1.7%,0.0%,9.6%,0.8%
72021031301,PR,Bayamon Municipio,13,13,72,6.9%,,"1,043",21.7%,5.1%,2.8%,0.0%,9.6%,0.8%
72021031302,PR,Bayamon Municipio,12,10,62,5.6%,1.3%,"1,100",24.5%,4.5%,2.0%,0.0%,9.6%,0.8%
72021031303,PR,Bayamon Municipio,17,17,113,8.7%,,"1,295",18.5%,6.9%,3.5%,0.0%,9.6%,0.8%
72021031401,PR,Bayamon Municipio,7,7,34,7.2%,1.8%,470,18.5%,6.5%,1.3%,0.0%,9.6%,0.8%
72021031402,PR,Bayamon Municipio,6,6,22,7.0%,1.3%,314,23.1%,5.4%,3.2%,0.0%,9.6%,0.8%
72021031403,PR,Bayamon Municipio,7,7,34,6.9%,,493,26.6%,7.0%,3.1%,0.0%,9.6%,0.8%
72021031501,PR,Bayamon Municipio,4,4,23,5.3%,1.0%,427,21.1%,3.2%,1.2%,0.0%,9.6%,0.8%
72021031502,PR,Bayamon Municipio,9,9,21,9.1%,4.4%,229,18.8%,9.2%,2.8%,0.0%,9.6%,0.8%
72021031503,PR,Bayamon Municipio,7,7,19,7.3%,4.7%,262,19.0%,7.1%,1.2%,0.0%,9.6%,0.8%
72021031611,PR,Bayamon Municipio,10,15,43,9.9%,5.0%,441,15.6%,9.5%,2.5%,0.0%,9.6%,0.8%
72021031612,PR,Bayamon Municipio,7,7,37,6.7%,0.9%,561,20.9%,4.3%,2.6%,0.0%,9.6%,0.8%
72021031621,PR,Bayamon Municipio,10,10,49,9.6%,1.3%,512,15.8%,7.6%,3.6%,0.0%,9.6%,0.8%
72021031622,PR,Bayamon Municipio,7,7,30,7.8%,,391,21.0%,6.8%,2.8%,0.0%,9.6%,0.8%
72021031631,PR,Bayamon Municipio,4,4,23,5.8%,0.8%,396,18.9%,5.0%,0.0%,0.0%,9.6%,0.8%
72021031632,PR,Bayamon Municipio,3,3,14,4.4%,3.5%,310,29.1%,2.8%,2.8%,0.0%,9.6%,0.8%
72021031641,PR,Bayamon Municipio,9,9,29,9.1%,3.0%,315,19.4%,10.7%,1.9%,0.0%,9.6%,0.8%
72021031651,PR,Bayamon Municipio,6,6,20,6.8%,5.4%,285,17.9%,6.0%,0.7%,0.0%,9.6%,0.8%
72021031701,PR,Bayamon Municipio,9,9,43,7.4%,,582,15.9%,5.4%,1.4%,0.0%,9.6%,0.8%
72021031702,PR,Bayamon Municipio,6,6,30,5.6%,,529,24.6%,5.5%,1.4%,0.0%,9.6%,0.8%
72021031703,PR,Bayamon Municipio,8,8,29,8.2%,3.0%,352,19.2%,7.7%,2.3%,0.0%,9.6%,0.8%
72021031704,PR,Bayamon Municipio,12,12,61,8.5%,,716,16.9%,7.3%,2.2%,0.0%,9.6%,0.8%
72021031800,PR,Bayamon Municipio,14,14,81,7.9%,,"1,027",22.7%,7.0%,3.5%,0.0%,9.6%,0.8%
72021031900,PR,Bayamon Municipio,7,7,33,7.8%,,422,21.1%,7.3%,2.7%,0.0%,9.6%,0.8%
72021032000,PR,Bayamon Municipio,2,2,12,4.1%,,296,25.7%,2.4%,1.4%,0.0%,9.6%,0.8%
72021032100,PR,Bayamon Municipio,8,8,9,7.9%,,112,21.5%,10.3%,0.9%,0.0%,9.6%,0.8%
72021032200,PR,Bayamon Municipio,14,14,16,12.2%,,131,15.0%,14.2%,3.1%,0.0%,9.6%,0.8%
72021032300,PR,Bayamon Municipio,8,8,39,8.2%,,469,26.3%,7.3%,5.1%,0.0%,9.6%,0.8%
72023000000,PR,Cabo Rojo Municipio,1,1,0,0.0%,,0,,,,,,
72023830100,PR,Cabo Rojo Municipio,7,7,37,6.9%,,534,18.8%,5.5%,2.5%,0.0%,9.6%,0.4%
72023830200,PR,Cabo Rojo Municipio,11,11,55,5.7%,,975,19.6%,4.2%,1.6%,0.0%,9.6%,0.4%
72023830300,PR,Cabo Rojo Municipio,13,11,72,7.5%,1.4%,962,14.6%,5.5%,2.0%,0.0%,9.6%,0.4%
72023830400,PR,Cabo Rojo Municipio,9,9,39,9.1%,5.9%,423,18.0%,12.0%,1.6%,0.0%,9.6%,0.4%
72023830501,PR,Cabo Rojo Municipio,16,16,101,10.1%,,"1,002",15.5%,9.0%,4.3%,0.0%,9.6%,0.4%
72023830502,PR,Cabo Rojo Municipio,8,8,29,8.1%,,363,11.9%,7.2%,0.9%,0.0%,9.6%,0.4%
72023830600,PR,Cabo Rojo Municipio,16,16,96,9.6%,,997,9.6%,7.7%,2.3%,0.0%,9.6%,0.4%
72025200100,PR,Caguas Municipio,16,11,105,9.9%,1.1%,"1,065",17.9%,5.8%,4.3%,0.0%,11.4%,0.5%
72025200200,PR,Caguas Municipio,12,12,29,10.6%,,274,17.1%,6.9%,4.5%,0.0%,11.4%,0.5%
72025200302,PR,Caguas Municipio,17,17,122,7.5%,,"1,632",17.5%,4.0%,1.3%,0.0%,11.4%,0.5%
72025200303,PR,Caguas Municipio,18,18,132,6.9%,,"1,914",21.8%,4.1%,1.8%,0.0%,11.4%,0.5%
72025200304,PR,Caguas Municipio,13,13,67,7.8%,,863,21.0%,4.9%,2.4%,0.0%,11.4%,0.5%
72025200400,PR,Caguas Municipio,12,12,58,11.1%,,520,13.7%,7.8%,3.5%,0.0%,11.4%,0.5%
72025200500,PR,Caguas Municipio,13,11,72,9.0%,1.6%,803,17.4%,6.9%,1.9%,0.0%,11.4%,0.5%
72025200600,PR,Caguas Municipio,12,10,51,10.6%,1.3%,480,15.0%,10.7%,1.2%,0.0%,11.4%,0.5%
72025200700,PR,Caguas Municipio,10,10,48,9.5%,,503,17.5%,8.2%,1.8%,0.0%,11.4%,0.5%
72025200800,PR,Caguas Municipio,12,12,64,10.4%,,620,13.3%,5.8%,3.5%,0.0%,11.4%,0.5%
72025200900,PR,Caguas Municipio,9,9,9,8.9%,,103,24.0%,7.0%,4.0%,0.0%,11.4%,0.5%
72025201000,PR,Caguas Municipio,6,6,28,7.2%,1.2%,391,19.2%,3.1%,2.1%,0.0%,11.4%,0.5%
72025201200,PR,Caguas Municipio,8,8,14,8.3%,,171,18.6%,4.2%,3.0%,0.0%,11.4%,0.5%
72025201300,PR,Caguas Municipio,9,9,34,9.2%,1.0%,367,20.4%,5.4%,4.2%,0.0%,11.4%,0.5%
72025201400,PR,Caguas Municipio,10,6,26,9.2%,0.3%,280,16.7%,7.1%,1.9%,0.0%,11.4%,0.5%
72025201500,PR,Caguas Municipio,8,8,23,7.9%,2.1%,294,20.0%,7.4%,0.7%,0.0%,11.4%,0.5%
72025201600,PR,Caguas Municipio,8,8,18,8.5%,6.2%,214,22.5%,8.5%,1.9%,0.0%,11.4%,0.5%
72025201700,PR,Caguas Municipio,12,12,18,10.8%,,165,16.8%,10.9%,2.0%,0.0%,11.4%,0.5%
72025201800,PR,Caguas Municipio,10,11,45,9.3%,1.8%,483,18.1%,6.5%,3.0%,0.0%,11.4%,0.5%
72025201900,PR,Caguas Municipio,12,12,25,10.6%,,240,9.4%,9.4%,0.0%,0.0%,11.4%,0.5%
72025202000,PR,Caguas Municipio,10,10,28,9.6%,,295,18.2%,7.2%,3.0%,0.0%,11.4%,0.5%
72025202100,PR,Caguas Municipio,9,9,37,9.0%,1.6%,416,16.2%,4.6%,3.0%,0.0%,11.4%,0.5%
72025202200,PR,Caguas Municipio,10,12,17,9.8%,2.4%,169,16.3%,5.6%,3.8%,0.0%,11.4%,0.5%
72025202300,PR,Caguas Municipio,11,10,50,9.9%,1.1%,507,18.6%,7.4%,3.5%,0.0%,11.4%,0.5%
72025202401,PR,Caguas Municipio,12,12,65,8.1%,,806,21.1%,4.8%,3.1%,0.0%,11.4%,0.5%
72025202402,PR,Caguas Municipio,12,12,63,7.6%,,836,21.2%,5.2%,2.0%,0.0%,11.4%,0.5%
72025202500,PR,Caguas Municipio,5,5,21,6.4%,,319,18.5%,2.9%,0.6%,0.0%,11.4%,0.5%
72025202601,PR,Caguas Municipio,15,15,93,9.7%,,958,17.5%,7.2%,2.9%,0.0%,11.4%,0.5%
72025202602,PR,Caguas Municipio,11,11,54,6.1%,,875,28.9%,3.5%,3.5%,0.0%,11.4%,0.5%
72025202701,PR,Caguas Municipio,6,6,29,6.9%,,413,26.6%,6.0%,2.2%,0.0%,11.4%,0.5%
72025202702,PR,Caguas Municipio,5,5,11,6.3%,,176,22.7%,4.1%,1.0%,0.0%,11.4%,0.5%
72025202800,PR,Caguas Municipio,13,13,33,11.6%,,281,19.0%,11.4%,3.8%,0.0%,11.4%,0.5%
72027000000,PR,Camuy Municipio,1,1,0,0.0%,,0,,,,,,
72027320100,PR,Camuy Municipio,13,12,42,12.1%,2.0%,349,15.3%,10.6%,3.8%,0.0%,10.9%,0.5%
72027320200,PR,Camuy Municipio,12,12,59,10.7%,,551,15.1%,7.0%,3.9%,0.0%,10.9%,0.5%
72027320300,PR,Camuy Municipio,13,13,74,11.4%,,650,15.9%,8.7%,4.1%,0.0%,10.9%,0.5%
72027320400,PR,Camuy Municipio,16,16,98,10.3%,,956,17.0%,9.5%,2.1%,0.0%,10.9%,0.5%
72027320500,PR,Camuy Municipio,14,14,28,12.2%,,227,17.1%,10.5%,4.6%,0.0%,10.9%,0.5%
72027320600,PR,Camuy Municipio,11,11,24,10.6%,,227,20.0%,7.5%,5.0%,0.0%,10.9%,0.5%
72029100101,PR,Canovanas Municipio,19,18,45,19.5%,5.7%,233,14.1%,13.0%,8.2%,0.0%,14.8%,1.7%
72029100102,PR,Canovanas Municipio,17,17,50,16.4%,,305,15.4%,13.1%,3.2%,0.0%,14.8%,1.7%
72029100200,PR,Canovanas Municipio,15,11,39,13.4%,1.2%,293,19.7%,6.9%,3.8%,0.0%,14.8%,1.7%
72029100400,PR,Canovanas Municipio,14,14,72,12.5%,,573,15.3%,4.7%,2.1%,0.0%,14.8%,1.7%
72029100501,PR,Canovanas Municipio,18,18,134,11.4%,,"1,176",20.0%,5.0%,1.8%,0.0%,14.8%,1.7%
72029100502,PR,Canovanas Municipio,8,8,36,8.1%,0.6%,446,33.7%,4.4%,1.4%,0.0%,14.8%,1.7%
72029100600,PR,Canovanas Municipio,18,18,65,18.7%,,346,12.6%,15.9%,4.3%,0.0%,14.8%,1.7%
72029100700,PR,Canovanas Municipio,18,18,40,17.6%,,227,11.7%,12.8%,4.3%,0.0%,14.8%,1.7%
72029100800,PR,Canovanas Municipio,13,13,11,11.8%,,97,17.9%,4.2%,2.1%,0.0%,14.8%,1.7%
72031000000,PR,Carolina Municipio,1,1,0,0.0%,,0,,,,,,
72031050102,PR,Carolina Municipio,15,15,94,5.6%,,"1,676",14.3%,3.3%,0.5%,0.0%,9.1%,0.7%
72031050103,PR,Carolina Municipio,15,11,85,5.6%,1.4%,"1,516",16.5%,3.8%,1.0%,0.0%,9.1%,0.7%
72031050104,PR,Carolina Municipio,10,7,50,6.5%,0.5%,774,18.0%,5.3%,2.0%,0.0%,9.1%,0.7%
72031050105,PR,Carolina Municipio,8,8,42,6.8%,0.1%,620,22.1%,6.7%,3.1%,0.0%,9.1%,0.7%
72031050211,PR,Carolina Municipio,8,8,33,8.0%,2.7%,418,17.4%,5.0%,4.6%,0.0%,9.1%,0.7%
72031050212,PR,Carolina Municipio,11,11,59,7.9%,,749,15.4%,5.9%,3.3%,0.0%,9.1%,0.7%
72031050221,PR,Carolina Municipio,11,14,60,6.1%,3.9%,977,21.0%,4.7%,2.8%,0.0%,9.1%,0.7%
72031050222,PR,Carolina Municipio,4,4,17,5.2%,0.9%,315,30.6%,5.6%,4.2%,0.0%,9.1%,0.7%
72031050231,PR,Carolina Municipio,8,8,39,8.5%,1.6%,465,20.5%,8.0%,4.6%,0.0%,9.1%,0.7%
72031050232,PR,Carolina Municipio,12,12,61,6.1%,,998,18.8%,5.5%,1.6%,0.0%,9.1%,0.7%
72031050241,PR,Carolina Municipio,12,12,62,7.0%,,876,17.6%,6.4%,2.1%,0.0%,9.1%,0.7%
72031050242,PR,Carolina Municipio,14,14,75,10.8%,,695,17.6%,12.6%,4.4%,0.0%,9.1%,0.7%
72031050302,PR,Carolina Municipio,6,6,29,6.2%,0.5%,473,17.9%,4.6%,2.0%,0.0%,9.1%,0.7%
72031050311,PR,Carolina Municipio,9,9,46,6.8%,,677,21.5%,5.6%,3.5%,0.0%,9.1%,0.7%
72031050321,PR,Carolina Municipio,9,9,44,6.8%,,645,16.5%,5.6%,1.7%,0.0%,9.1%,0.7%
72031050331,PR,Carolina Municipio,5,5,22,6.5%,0.6%,334,20.8%,5.2%,3.1%,0.0%,9.1%,0.7%
72031050341,PR,Carolina Municipio,12,12,41,10.9%,,376,12.9%,14.5%,1.6%,0.0%,9.1%,0.7%
72031050401,PR,Carolina Municipio,5,5,12,6.5%,,192,20.8%,5.2%,3.1%,0.0%,9.1%,0.7%
72031050402,PR,Carolina Municipio,8,8,42,3.3%,,"1,252",24.7%,2.3%,0.9%,0.0%,9.1%,0.7%
72031050501,PR,Carolina Municipio,11,6,56,5.8%,0.3%,971,22.0%,6.0%,1.8%,0.0%,9.1%,0.7%
72031050503,PR,Carolina Municipio,1,1,0,0.0%,,524,49.3%,4.3%,2.3%,0.0%,9.1%,0.7%
72031050504,PR,Carolina Municipio,14,9,76,6.8%,0.8%,"1,113",19.2%,5.9%,2.6%,0.0%,9.1%,0.7%
72031050600,PR,Carolina Municipio,6,6,33,5.3%,,626,22.0%,5.0%,1.5%,0.0%,9.1%,0.7%
72031050700,PR,Carolina Municipio,7,7,13,7.8%,5.1%,165,17.6%,8.8%,1.9%,0.0%,9.1%,0.7%
72031050803,PR,Carolina Municipio,11,11,58,10.0%,1.9%,584,17.0%,10.3%,4.3%,0.0%,9.1%,0.7%
72031050811,PR,Carolina Municipio,10,10,52,5.6%,,936,22.1%,4.7%,2.3%,0.0%,9.1%,0.7%
72031050812,PR,Carolina Municipio,10,10,49,6.8%,1.4%,716,18.9%,6.7%,2.0%,0.0%,9.1%,0.7%
72031050821,PR,Carolina Municipio,13,13,74,6.5%,2.8%,"1,144",18.8%,5.0%,2.5%,0.0%,9.1%,0.7%
72031050822,PR,Carolina Municipio,6,6,30,5.8%,1.1%,514,19.6%,2.6%,3.3%,0.0%,9.1%,0.7%
72031050831,PR,Carolina Municipio,8,8,43,5.0%,,863,22.8%,4.7%,1.6%,0.0%,9.1%,0.7%
72031050841,PR,Carolina Municipio,13,13,21,11.6%,,185,21.8%,10.9%,8.4%,0.0%,9.1%,0.7%
72031050901,PR,Carolina Municipio,4,4,20,3.9%,,507,23.1%,2.6%,1.2%,0.0%,9.1%,0.7%
72031050902,PR,Carolina Municipio,14,4,78,6.6%,0.0%,"1,190",17.8%,5.7%,1.8%,0.0%,9.1%,0.7%
72031051000,PR,Carolina Municipio,8,8,40,7.9%,,505,17.8%,6.9%,3.3%,0.0%,9.1%,0.7%
72031051101,PR,Carolina Municipio,15,7,85,5.3%,0.2%,"1,602",19.9%,4.3%,1.3%,0.0%,9.1%,0.7%
72031051102,PR,Carolina Municipio,7,7,15,7.6%,,200,20.4%,6.8%,3.9%,0.0%,9.1%,0.7%
72033020200,PR,Catano Municipio,16,16,18,14.8%,,123,11.7%,11.7%,2.9%,0.0%,12.5%,0.5%
72033020300,PR,Catano Municipio,15,15,20,13.5%,,148,14.8%,8.5%,4.2%,0.0%,12.5%,0.5%
72033020401,PR,Catano Municipio,13,13,70,9.6%,,724,22.9%,4.6%,3.6%,0.0%,12.5%,0.5%
72033020402,PR,Catano Municipio,14,11,43,12.2%,1.3%,351,14.1%,9.4%,1.3%,0.0%,12.5%,0.5%
72033020403,PR,Catano Municipio,14,11,78,12.4%,1.2%,628,19.9%,9.7%,3.5%,0.0%,12.5%,0.5%
72033020404,PR,Catano Municipio,17,17,4,18.6%,,23,14.3%,19.0%,4.8%,0.0%,12.5%,0.5%
72033020405,PR,Catano Municipio,15,15,85,8.7%,,984,21.3%,5.1%,1.3%,0.0%,12.5%,0.5%
72035260100,PR,Cayey Municipio,15,15,84,13.1%,,643,17.6%,6.9%,3.4%,0.0%,13.9%,1.2%
72035260201,PR,Cayey Municipio,13,8,45,11.9%,0.4%,380,20.8%,5.6%,3.5%,0.0%,13.9%,1.2%
72035260202,PR,Cayey Municipio,14,14,46,12.4%,,372,19.1%,6.6%,3.0%,0.0%,13.9%,1.2%
72035260300,PR,Cayey Municipio,16,16,46,14.8%,,311,15.6%,8.4%,4.6%,0.0%,13.9%,1.2%
72035260400,PR,Cayey Municipio,16,16,40,14.2%,,279,18.8%,9.9%,3.6%,0.0%,13.9%,1.2%
72035260500,PR,Cayey Municipio,15,15,53,13.5%,,393,15.0%,6.1%,3.8%,0.0%,13.9%,1.2%
72035260600,PR,Cayey Municipio,13,13,11,11.3%,,96,14.9%,4.6%,1.1%,0.0%,13.9%,1.2%
72035260700,PR,Cayey Municipio,15,14,16,13.3%,2.7%,124,21.6%,6.9%,5.2%,0.0%,13.9%,1.2%
72035260800,PR,Cayey Municipio,13,10,57,11.4%,1.2%,502,18.5%,5.6%,1.9%,0.0%,13.9%,1.2%
72035260900,PR,Cayey Municipio,14,14,83,12.5%,,667,17.2%,6.9%,2.3%,0.0%,13.9%,1.2%
72037000000,PR,Ceiba Municipio,1,1,0,0.0%,,0,,,,,,
72037160100,PR,Ceiba Municipio,13,13,46,11.6%,,402,6.0%,3.8%,0.8%,0.0%,13.8%,0.5%
72037160200,PR,Ceiba Municipio,17,18,118,12.9%,6.3%,921,13.0%,7.3%,3.1%,0.0%,13.8%,0.5%
72037160300,PR,Ceiba Municipio,13,13,50,11.6%,,428,14.2%,4.4%,3.3%,0.0%,13.8%,0.5%
72039955600,PR,Ciales Municipio,19,19,70,21.5%,,325,11.6%,11.6%,3.5%,0.0%,18.4%,2.6%
72039955700,PR,Ciales Municipio,20,15,58,23.8%,2.6%,243,19.8%,17.0%,6.6%,0.0%,18.4%,2.6%
72039955800,PR,Ciales Municipio,19,19,97,21.2%,,456,13.9%,13.9%,2.3%,0.0%,18.4%,2.6%
72039955900,PR,Ciales Municipio,19,19,41,20.8%,,196,16.8%,14.9%,2.0%,0.0%,18.4%,2.6%
72041240100,PR,Cidra Municipio,15,15,93,8.3%,,"1,129",22.7%,4.6%,2.7%,0.0%,12.6%,0.2%
72041240201,PR,Cidra Municipio,14,14,34,13.1%,,259,18.0%,12.0%,3.9%,0.0%,12.6%,0.2%
72041240202,PR,Cidra Municipio,15,15,22,13.9%,,156,22.5%,15.2%,4.6%,0.0%,12.6%,0.2%
72041240300,PR,Cidra Municipio,13,10,34,11.8%,1.2%,287,16.9%,9.7%,3.0%,0.0%,12.6%,0.2%
72041240401,PR,Cidra Municipio,9,9,35,8.7%,,405,26.8%,6.8%,3.4%,0.0%,12.6%,0.2%
72041240402,PR,Cidra Municipio,13,13,22,11.6%,,193,21.5%,9.9%,4.1%,0.0%,12.6%,0.2%
72041240500,PR,Cidra Municipio,13,9,47,11.6%,0.6%,408,17.6%,6.9%,4.7%,0.0%,12.6%,0.2%
72041240601,PR,Cidra Municipio,13,13,28,11.3%,,248,18.0%,10.1%,2.3%,0.0%,12.6%,0.2%
72041240602,PR,Cidra Municipio,9,9,22,8.8%,,250,29.3%,9.8%,2.4%,0.0%,12.6%,0.2%
72043953900,PR,Coamo Municipio,19,19,40,22.0%,,181,7.5%,14.9%,4.5%,0.0%,15.7%,2.6%
72043954000,PR,Coamo Municipio,19,19,51,21.3%,,239,12.1%,14.0%,5.6%,0.0%,15.7%,2.6%
72043954100,PR,Coamo Municipio,17,18,24,15.5%,6.8%,158,11.3%,3.8%,2.5%,0.0%,15.7%,2.6%
72043954200,PR,Coamo Municipio,16,16,95,13.1%,,721,19.4%,3.7%,1.6%,0.0%,15.7%,2.6%
72043954300,PR,Coamo Municipio,16,16,13,14.7%,4.0%,86,16.1%,8.1%,0.0%,0.0%,15.7%,2.6%
72043954400,PR,Coamo Municipio,18,16,22,18.8%,4.2%,119,10.7%,13.3%,1.3%,0.0%,15.7%,2.6%
72043954500,PR,Coamo Municipio,15,15,68,13.5%,,501,23.0%,5.5%,2.2%,0.0%,15.7%,2.6%
72043954600,PR,Coamo Municipio,16,16,47,15.1%,,312,13.0%,5.5%,1.3%,0.0%,15.7%,2.6%
72043954700,PR,Coamo Municipio,17,17,88,16.2%,,541,12.5%,5.2%,3.2%,0.0%,15.7%,2.6%
72045951700,PR,Comerio Municipio,20,20,40,23.1%,,173,14.1%,14.7%,8.3%,0.0%,16.5%,2.3%
72045951800,PR,Comerio Municipio,19,19,77,21.5%,,359,15.9%,15.0%,6.2%,0.0%,16.5%,2.3%
72045951900,PR,Comerio Municipio,18,12,24,18.4%,1.4%,132,15.8%,14.5%,1.3%,0.0%,16.5%,2.3%
72045952000,PR,Comerio Municipio,20,10,41,23.4%,0.7%,176,8.7%,21.7%,2.2%,0.0%,16.5%,2.3%
72045952100,PR,Comerio Municipio,18,18,31,17.3%,,180,21.4%,9.2%,5.1%,0.0%,16.5%,2.3%
72047530100,PR,Corozal Municipio,14,14,36,12.9%,,280,17.8%,11.0%,2.7%,0.0%,13.2%,0.6%
72047530200,PR,Corozal Municipio,16,16,89,14.2%,,629,8.3%,7.7%,3.7%,0.0%,13.2%,0.6%
72047530300,PR,Corozal Municipio,16,14,40,15.1%,2.6%,266,11.9%,7.9%,6.3%,0.0%,13.2%,0.6%
72047530400,PR,Corozal Municipio,13,13,68,11.7%,,580,19.4%,8.1%,3.2%,0.0%,13.2%,0.6%
72047530500,PR,Corozal Municipio,15,15,67,13.8%,,486,15.5%,12.5%,2.4%,0.0%,13.2%,0.6%
72047530600,PR,Corozal Municipio,17,17,56,15.7%,,360,15.1%,9.6%,7.3%,0.0%,13.2%,0.6%
72049950500,PR,Culebra Municipio,3,3,8,4.6%,,180,8.3%,3.9%,1.7%,0.0%,6.3%,-0.3%
72051000000,PR,Dorado Municipio,1,1,0,0.0%,,0,,,,,,
72051540100,PR,Dorado Municipio,13,9,43,11.7%,0.6%,370,17.4%,11.7%,5.1%,0.0%,10.0%,0.3%
72051540200,PR,Dorado Municipio,15,15,85,6.3%,,"1,350",17.4%,4.0%,1.4%,0.0%,10.0%,0.3%
72051540300,PR,Dorado Municipio,2,2,9,4.2%,0.7%,213,26.6%,5.0%,0.5%,0.0%,10.0%,0.3%
72051540400,PR,Dorado Municipio,9,9,46,4.3%,,"1,066",23.4%,2.6%,1.2%,0.0%,10.0%,0.3%
72051540500,PR,Dorado Municipio,6,6,31,6.8%,,453,22.8%,5.5%,3.1%,0.0%,10.0%,0.3%
72051540600,PR,Dorado Municipio,8,8,35,8.4%,,417,14.7%,6.4%,2.4%,0.0%,10.0%,0.3%
72051540700,PR,Dorado Municipio,7,7,36,6.2%,,583,16.9%,2.6%,2.1%,0.0%,10.0%,0.3%
72053150101,PR,Fajardo Municipio,16,16,100,11.2%,,891,9.5%,4.3%,2.1%,0.0%,13.3%,0.2%
72053150102,PR,Fajardo Municipio,13,15,69,10.9%,3.8%,630,14.6%,5.7%,2.5%,0.0%,13.3%,0.2%
72053150200,PR,Fajardo Municipio,17,17,114,13.5%,,843,12.9%,10.3%,3.1%,0.0%,13.3%,0.2%
72053150301,PR,Fajardo Municipio,6,6,25,6.9%,2.5%,367,22.5%,2.3%,0.9%,0.0%,13.3%,0.2%
72053150302,PR,Fajardo Municipio,10,16,16,9.5%,7.0%,164,14.5%,3.9%,1.3%,0.0%,13.3%,0.2%
72053150400,PR,Fajardo Municipio,12,12,66,10.3%,,638,12.1%,4.2%,1.6%,0.0%,13.3%,0.2%
72053150500,PR,Fajardo Municipio,13,13,46,11.5%,,395,16.3%,6.9%,3.3%,0.0%,13.3%,0.2%
72053150600,PR,Fajardo Municipio,17,17,122,10.2%,,"1,201",16.5%,4.7%,2.6%,0.0%,13.3%,0.2%
72054580100,PR,Florida Municipio,8,8,34,8.5%,,399,18.4%,9.5%,7.9%,0.0%,10.1%,-3.0%
72054580200,PR,Florida Municipio,9,9,46,9.0%,4.3%,511,15.4%,10.7%,6.7%,0.0%,10.1%,-3.0%
72055000000,PR,Guanica Municipio,1,1,0,0.0%,,0,,,,,,
72055960900,PR,Guanica Municipio,18,18,24,16.9%,,144,13.3%,16.3%,5.1%,0.0%,14.4%,-0.7%
72055961000,PR,Guanica Municipio,12,12,16,11.2%,,144,24.1%,11.3%,2.8%,0.0%,14.4%,-0.7%
72055961100,PR,Guanica Municipio,11,11,31,10.5%,,293,13.7%,5.3%,2.1%,0.0%,14.4%,-0.7%
72055961200,PR,Guanica Municipio,14,18,12,13.0%,7.1%,91,11.5%,7.7%,3.8%,0.0%,14.4%,-0.7%
72055961300,PR,Guanica Municipio,15,15,23,13.5%,,171,13.3%,8.9%,4.4%,0.0%,14.4%,-0.7%
72055961400,PR,Guanica Municipio,10,14,5,9.7%,4.5%,54,24.1%,3.7%,5.6%,0.0%,14.4%,-0.7%
72055961500,PR,Guanica Municipio,14,14,13,12.5%,,103,8.4%,7.4%,2.1%,0.0%,14.4%,-0.7%
72057000000,PR,Guayama Municipio,1,1,0,0.0%,,0,,,,,,
72057270100,PR,Guayama Municipio,17,17,50,16.7%,,301,9.7%,13.2%,2.4%,0.0%,14.6%,1.2%
72057270200,PR,Guayama Municipio,16,16,95,11.6%,,821,18.2%,5.6%,2.0%,0.0%,14.6%,1.2%
72057270300,PR,Guayama Municipio,15,15,68,13.3%,,512,13.0%,7.3%,1.9%,0.0%,14.6%,1.2%
72057270400,PR,Guayama Municipio,14,17,10,12.9%,8.0%,75,7.9%,6.3%,0.0%,0.0%,14.6%,1.2%
72057270500,PR,Guayama Municipio,18,18,155,14.5%,5.5%,"1,068",11.6%,9.8%,1.8%,0.0%,14.6%,1.2%
72057270600,PR,Guayama Municipio,16,16,24,14.7%,4.1%,164,2.3%,4.6%,2.3%,0.0%,14.6%,1.2%
72057270700,PR,Guayama Municipio,11,11,23,10.1%,1.8%,229,28.6%,5.7%,3.1%,0.0%,14.6%,1.2%
72057270800,PR,Guayama Municipio,15,13,88,13.6%,2.4%,648,10.5%,4.0%,3.7%,0.0%,14.6%,1.2%
72059000000,PR,Guayanilla Municipio,1,1,0,0.0%,,0,,,,,,
72059740101,PR,Guayanilla Municipio,11,11,9,10.5%,,85,20.8%,6.3%,2.1%,0.0%,15.2%,0.9%
72059740102,PR,Guayanilla Municipio,16,16,20,14.8%,,137,19.4%,16.7%,2.8%,0.0%,15.2%,0.9%
72059740200,PR,Guayanilla Municipio,16,16,67,14.3%,,470,10.7%,8.0%,4.5%,0.0%,15.2%,0.9%
72059740300,PR,Guayanilla Municipio,16,17,53,15.1%,5.1%,352,14.4%,14.4%,3.1%,0.0%,15.2%,0.9%
72059740400,PR,Guayanilla Municipio,8,8,15,8.4%,,183,28.6%,4.4%,2.2%,0.0%,15.2%,0.9%
72061040101,PR,Guaynabo Municipio,7,7,11,7.4%,,154,17.6%,6.5%,4.6%,0.0%,7.2%,0.7%
72061040102,PR,Guaynabo Municipio,9,9,17,8.6%,7.5%,193,15.2%,7.1%,5.4%,0.0%,7.2%,0.7%
72061040103,PR,Guaynabo Municipio,16,16,17,14.9%,,114,14.3%,3.6%,17.9%,0.0%,7.2%,0.7%
72061040200,PR,Guaynabo Municipio,4,4,22,3.8%,2.9%,592,20.8%,3.1%,2.1%,0.0%,7.2%,0.7%
72061040301,PR,Guaynabo Municipio,2,2,11,2.8%,1.7%,382,19.9%,2.1%,0.8%,0.0%,7.2%,0.7%
72061040302,PR,Guaynabo Municipio,3,3,17,3.2%,0.2%,530,18.6%,2.3%,0.9%,0.0%,7.2%,0.7%
72061040303,PR,Guaynabo Municipio,2,2,11,3.8%,1.1%,284,18.5%,2.8%,1.4%,0.0%,7.2%,0.7%
72061040304,PR,Guaynabo Municipio,3,3,16,1.7%,1.4%,963,25.1%,1.9%,0.9%,0.0%,7.2%,0.7%
72061040403,PR,Guaynabo Municipio,7,7,35,3.5%,9.7%,"1,002",20.1%,2.4%,1.8%,0.0%,7.2%,0.7%
72061040411,PR,Guaynabo Municipio,4,4,24,2.6%,0.9%,937,22.3%,2.6%,1.0%,0.0%,7.2%,0.7%
72061040412,PR,Guaynabo Municipio,2,2,12,3.0%,0.4%,387,19.4%,2.9%,0.5%,0.0%,7.2%,0.7%
72061040421,PR,Guaynabo Municipio,7,7,38,2.7%,,"1,377",21.7%,2.6%,1.0%,0.0%,7.2%,0.7%
72061040422,PR,Guaynabo Municipio,3,3,15,4.9%,,305,18.1%,5.0%,1.7%,0.0%,7.2%,0.7%
72061040432,PR,Guaynabo Municipio,2,2,7,1.6%,1.8%,472,25.3%,1.8%,0.9%,0.0%,7.2%,0.7%
72061040442,PR,Guaynabo Municipio,3,3,15,2.5%,0.7%,589,24.9%,2.8%,1.7%,0.0%,7.2%,0.7%
72061040500,PR,Guaynabo Municipio,4,4,21,3.9%,0.3%,534,17.8%,3.4%,1.0%,0.0%,7.2%,0.7%
72061040601,PR,Guaynabo Municipio,4,4,20,5.3%,,367,18.6%,5.5%,2.2%,0.0%,7.2%,0.7%
72061040602,PR,Guaynabo Municipio,8,8,38,2.2%,,"1,719",23.0%,2.3%,0.9%,0.0%,7.2%,0.7%
72061040700,PR,Guaynabo Municipio,4,4,21,5.7%,,362,20.3%,7.3%,2.3%,0.0%,7.2%,0.7%
72061040800,PR,Guaynabo Municipio,2,2,7,4.3%,,156,26.6%,8.1%,1.6%,0.0%,7.2%,0.7%
72061040900,PR,Guaynabo Municipio,7,7,12,7.3%,,166,18.7%,8.9%,3.3%,0.0%,7.2%,0.7%
72061041000,PR,Guaynabo Municipio,2,2,7,4.2%,,161,23.4%,6.3%,1.6%,0.0%,7.2%,0.7%
72061041100,PR,Guaynabo Municipio,2,2,7,3.4%,,195,27.0%,7.0%,1.0%,0.0%,7.2%,0.7%
72063210100,PR,Gurabo Municipio,11,11,29,10.5%,,279,9.7%,9.0%,2.2%,0.0%,10.6%,-0.1%
72063210200,PR,Gurabo Municipio,12,12,62,5.6%,,"1,097",27.8%,5.4%,2.9%,0.0%,10.6%,-0.1%
72063210300,PR,Gurabo Municipio,6,6,16,6.9%,1.6%,226,22.1%,6.6%,2.2%,0.0%,10.6%,-0.1%
72063210400,PR,Gurabo Municipio,6,6,30,7.3%,,417,23.4%,5.4%,4.1%,0.0%,10.6%,-0.1%
72063210501,PR,Gurabo Municipio,15,15,86,6.2%,,"1,382",19.1%,4.6%,1.4%,0.0%,10.6%,-0.1%
72063210502,PR,Gurabo Municipio,11,11,57,4.0%,,"1,419",24.3%,2.4%,1.0%,0.0%,10.6%,-0.1%
72065000000,PR,Hatillo Municipio,1,1,0,0.0%,,0,,,,,,
72065310100,PR,Hatillo Municipio,11,11,55,10.4%,,526,17.7%,7.3%,2.9%,0.0%,12.4%,0.3%
72065310200,PR,Hatillo Municipio,12,11,52,10.7%,1.5%,484,15.0%,7.4%,2.3%,0.0%,12.4%,0.3%
72065310300,PR,Hatillo Municipio,12,12,34,11.2%,,305,19.5%,9.7%,3.2%,0.0%,12.4%,0.3%
72065310400,PR,Hatillo Municipio,11,11,55,10.3%,,534,18.8%,10.0%,1.3%,0.0%,12.4%,0.3%
72065310500,PR,Hatillo Municipio,12,12,34,10.7%,,321,15.3%,7.3%,2.5%,0.0%,12.4%,0.3%
72065310600,PR,Hatillo Municipio,16,16,39,14.6%,,266,18.0%,14.6%,5.1%,0.0%,12.4%,0.3%
72067820100,PR,Hormigueros Municipio,16,16,90,14.1%,,638,14.8%,7.8%,6.8%,0.0%,11.3%,0.9%
72067820300,PR,Hormigueros Municipio,11,11,57,8.8%,,648,17.4%,3.5%,2.2%,0.0%,11.3%,0.9%
72067820400,PR,Hormigueros Municipio,12,13,9,10.7%,2.8%,81,18.9%,4.1%,5.4%,0.0%,11.3%,0.9%
72067820500,PR,Hormigueros Municipio,12,13,28,11.0%,3.1%,255,16.9%,8.5%,2.1%,0.0%,11.3%,0.9%
72069000000,PR,Humacao Municipio,1,1,0,0.0%,,0,,,,,,
72069180100,PR,Humacao Municipio,16,16,103,13.1%,,785,18.1%,6.8%,3.9%,0.0%,15.2%,0.7%
72069180201,PR,Humacao Municipio,16,16,32,14.6%,,218,22.3%,10.7%,5.4%,0.0%,15.2%,0.7%
72069180202,PR,Humacao Municipio,15,15,38,13.2%,,287,18.1%,7.8%,3.4%,0.0%,15.2%,0.7%
72069180301,PR,Humacao Municipio,18,18,38,17.2%,,221,9.1%,14.8%,2.3%,0.0%,15.2%,0.7%
72069180302,PR,Humacao Municipio,8,8,14,8.1%,,177,32.1%,7.1%,0.0%,0.0%,15.2%,0.7%
72069180400,PR,Humacao Municipio,17,17,111,15.5%,,716,11.8%,12.5%,1.9%,0.0%,15.2%,0.7%
72069180500,PR,Humacao Municipio,17,17,119,15.0%,,792,16.3%,8.7%,5.3%,0.0%,15.2%,0.7%
72069180600,PR,Humacao Municipio,13,18,48,12.0%,7.9%,400,16.8%,5.5%,2.4%,0.0%,15.2%,0.7%
72069180700,PR,Humacao Municipio,14,16,77,12.5%,4.6%,617,15.2%,6.3%,2.2%,0.0%,15.2%,0.7%
72069180800,PR,Humacao Municipio,12,12,57,11.2%,,507,18.5%,5.7%,1.4%,0.0%,15.2%,0.7%
72069180900,PR,Humacao Municipio,19,19,199,10.9%,,"1,832",14.3%,2.5%,1.6%,0.0%,15.2%,0.7%
72071000000,PR,Isabela Municipio,1,1,0,0.0%,,0,,,,,,
72071410100,PR,Isabela Municipio,12,12,44,10.8%,,404,17.8%,7.5%,4.0%,0.0%,12.1%,0.1%
72071410200,PR,Isabela Municipio,14,16,30,13.0%,5.1%,232,13.1%,10.7%,3.7%,0.0%,12.1%,0.1%
72071410300,PR,Isabela Municipio,12,18,46,11.1%,9.6%,409,12.1%,8.5%,1.8%,0.0%,12.1%,0.1%
72071410401,PR,Isabela Municipio,9,9,38,9.0%,,421,16.5%,4.3%,2.6%,0.0%,12.1%,0.1%
72071410402,PR,Isabela Municipio,4,4,18,5.3%,,335,29.0%,4.4%,1.0%,0.0%,12.1%,0.1%
72071410500,PR,Isabela Municipio,12,12,63,9.6%,1.9%,662,18.3%,6.5%,2.7%,0.0%,12.1%,0.1%
72071410600,PR,Isabela Municipio,17,17,32,15.6%,,209,15.5%,15.0%,5.8%,0.0%,12.1%,0.1%
72071410701,PR,Isabela Municipio,12,12,14,10.7%,2.4%,126,17.5%,7.1%,4.0%,0.0%,12.1%,0.1%
72071410702,PR,Isabela Municipio,8,8,26,8.5%,,308,26.7%,6.7%,3.9%,0.0%,12.1%,0.1%
72073956000,PR,Jayuya Municipio,15,15,65,13.3%,,490,11.5%,10.8%,1.4%,0.0%,14.1%,-0.1%
72073956100,PR,Jayuya Municipio,16,16,27,14.8%,4.4%,182,8.0%,6.0%,6.0%,0.0%,14.1%,-0.1%
72073956200,PR,Jayuya Municipio,17,17,77,16.4%,,471,13.3%,11.7%,6.7%,0.0%,14.1%,-0.1%
72075000000,PR,Juana Diaz Municipio,1,1,0,0.0%,,0,,,,,,
72075710100,PR,Juana Diaz Municipio,12,12,27,11.2%,,245,18.1%,6.7%,4.6%,0.0%,12.3%,0.6%
72075710200,PR,Juana Diaz Municipio,16,16,25,14.5%,,176,10.3%,12.1%,3.7%,0.0%,12.3%,0.6%
72075710300,PR,Juana Diaz Municipio,16,8,99,9.1%,0.4%,"1,081",15.6%,5.3%,1.2%,0.0%,12.3%,0.6%
72075710400,PR,Juana Diaz Municipio,13,13,15,12.0%,,124,15.2%,8.1%,4.0%,0.0%,12.3%,0.6%
72075710500,PR,Juana Diaz Municipio,17,17,16,16.4%,5.7%,96,13.3%,16.7%,5.0%,0.0%,12.3%,0.6%
72075710600,PR,Juana Diaz Municipio,16,16,31,14.3%,,220,16.9%,16.9%,2.6%,0.0%,12.3%,0.6%
72075710700,PR,Juana Diaz Municipio,14,14,6,12.3%,,48,20.0%,10.0%,5.0%,0.0%,12.3%,0.6%
72075710800,PR,Juana Diaz Municipio,15,15,61,13.3%,,457,11.4%,9.7%,3.8%,0.0%,12.3%,0.6%
72075710901,PR,Juana Diaz Municipio,10,10,40,9.7%,,408,17.0%,6.6%,1.7%,0.0%,12.3%,0.6%
72075710902,PR,Juana Diaz Municipio,11,11,45,9.9%,,451,23.2%,7.0%,4.1%,0.0%,12.3%,0.6%
72075711000,PR,Juana Diaz Municipio,17,17,20,15.3%,,131,13.3%,15.3%,4.1%,0.0%,12.3%,0.6%
72077500100,PR,Juncos Municipio,12,12,65,9.8%,,663,20.3%,5.2%,2.4%,0.0%,13.5%,0.4%
72077500200,PR,Juncos Municipio,13,14,70,11.0%,3.1%,636,15.5%,6.1%,2.1%,0.0%,13.5%,0.4%
72077500301,PR,Juncos Municipio,12,12,63,8.4%,,755,27.3%,5.6%,2.3%,0.0%,13.5%,0.4%
72077500302,PR,Juncos Municipio,10,10,46,9.5%,,487,24.6%,3.7%,4.5%,0.0%,13.5%,0.4%
72077500401,PR,Juncos Municipio,9,9,41,8.9%,,460,21.9%,5.3%,1.4%,0.0%,13.5%,0.4%
72077500402,PR,Juncos Municipio,15,15,34,13.1%,,263,16.5%,9.1%,3.9%,0.0%,13.5%,0.4%
72079000000,PR,Lajas Municipio,1,1,0,0.0%,,0,,,,,,
72079850101,PR,Lajas Municipio,19,19,23,20.1%,,113,14.2%,18.6%,6.2%,0.0%,13.6%,0.7%
72079850102,PR,Lajas Municipio,17,17,40,16.2%,,246,17.8%,13.6%,4.7%,0.0%,13.6%,0.7%
72079850200,PR,Lajas Municipio,15,12,69,13.9%,1.9%,496,17.2%,10.8%,2.7%,0.0%,13.6%,0.7%
72079850300,PR,Lajas Municipio,19,19,38,19.6%,,195,18.4%,17.1%,7.9%,0.0%,13.6%,0.7%
72079850400,PR,Lajas Municipio,17,17,41,16.4%,,249,9.9%,9.9%,4.7%,0.0%,13.6%,0.7%
72081957700,PR,Lares Municipio,14,14,28,12.7%,,220,16.5%,8.2%,1.9%,0.0%,13.1%,1.6%
72081957800,PR,Lares Municipio,19,19,53,19.7%,,268,11.9%,15.7%,6.7%,0.0%,13.1%,1.6%
72081957900,PR,Lares Municipio,18,18,52,18.6%,,278,18.8%,18.8%,5.2%,0.0%,13.1%,1.6%
72081958000,PR,Lares Municipio,14,14,67,12.5%,,531,17.6%,7.0%,2.8%,0.0%,13.1%,1.6%
72081958100,PR,Lares Municipio,18,9,33,18.9%,0.4%,172,15.7%,19.1%,4.5%,0.0%,13.1%,1.6%
72081958200,PR,Lares Municipio,17,17,48,16.4%,,290,9.4%,9.4%,4.7%,0.0%,13.1%,1.6%
72081958300,PR,Lares Municipio,17,17,30,15.8%,,192,24.6%,17.5%,3.5%,0.0%,13.1%,1.6%
72081958400,PR,Lares Municipio,17,17,8,18.1%,,45,20.6%,17.6%,5.9%,0.0%,13.1%,1.6%
72083959700,PR,Las Marias Municipio,17,13,13,16.3%,2.1%,82,15.2%,13.6%,9.1%,0.0%,10.7%,-0.1%
72083959800,PR,Las Marias Municipio,16,16,11,15.0%,,71,4.7%,11.6%,4.7%,0.0%,10.7%,-0.1%
72083959900,PR,Las Marias Municipio,15,15,51,13.1%,,388,8.7%,9.8%,4.3%,0.0%,10.7%,-0.1%
72085190101,PR,Las Piedras Municipio,15,15,63,13.4%,,466,17.2%,10.2%,3.5%,0.0%,13.8%,0.6%
72085190102,PR,Las Piedras Municipio,15,15,93,11.1%,,833,20.9%,6.1%,3.7%,0.0%,13.8%,0.6%
72085190201,PR,Las Piedras Municipio,12,9,38,10.7%,0.9%,358,20.1%,6.2%,2.5%,0.0%,13.8%,0.6%
72085190202,PR,Las Piedras Municipio,13,8,57,12.1%,0.5%,470,21.5%,6.4%,5.3%,0.0%,13.8%,0.6%
72085190301,PR,Las Piedras Municipio,11,11,58,9.0%,,650,21.9%,3.4%,2.2%,0.0%,13.8%,0.6%
72085190302,PR,Las Piedras Municipio,12,12,18,10.6%,,175,18.8%,6.5%,1.8%,0.0%,13.8%,0.6%
72087000000,PR,Loiza Municipio,1,1,0,0.0%,,0,,,,,,
72087110101,PR,Loiza Municipio,16,16,27,14.4%,,184,6.1%,6.1%,1.1%,0.0%,15.2%,1.9%
72087110102,PR,Loiza Municipio,17,17,23,15.5%,,152,18.8%,12.5%,3.1%,0.0%,15.2%,1.9%
72087110200,PR,Loiza Municipio,16,16,34,14.4%,,234,5.2%,2.6%,3.0%,0.0%,15.2%,1.9%
72087110301,PR,Loiza Municipio,14,14,68,12.6%,,535,10.0%,3.4%,1.1%,0.0%,15.2%,1.9%
72087110302,PR,Loiza Municipio,17,17,40,16.4%,,243,11.1%,10.2%,3.7%,0.0%,15.2%,1.9%
72087110303,PR,Loiza Municipio,18,18,114,16.8%,,677,4.0%,4.0%,6.0%,0.0%,15.2%,1.9%
72087110304,PR,Loiza Municipio,18,18,154,16.0%,,962,16.3%,8.4%,5.9%,0.0%,15.2%,1.9%
72087110400,PR,Loiza Municipio,14,9,11,12.6%,0.5%,90,12.4%,4.5%,1.1%,0.0%,15.2%,1.9%
72087110500,PR,Loiza Municipio,17,17,6,16.2%,,37,5.4%,0.0%,8.1%,0.0%,15.2%,1.9%
72087110600,PR,Loiza Municipio,17,17,8,16.9%,,47,14.9%,6.4%,8.5%,0.0%,15.2%,1.9%
72089000000,PR,Luquillo Municipio,1,1,0,0.0%,,0,,,,,,
72089140101,PR,Luquillo Municipio,13,13,43,11.8%,,364,18.1%,7.4%,1.7%,0.0%,15.0%,0.1%
72089140102,PR,Luquillo Municipio,14,14,20,12.3%,,160,13.0%,7.0%,1.0%,0.0%,15.0%,0.1%
72089140201,PR,Luquillo Municipio,14,14,78,12.6%,,618,6.9%,3.9%,1.3%,0.0%,15.0%,0.1%
72089140202,PR,Luquillo Municipio,16,19,108,11.6%,8.7%,932,17.4%,4.4%,3.0%,0.0%,15.0%,0.1%
72089140300,PR,Luquillo Municipio,16,16,50,14.9%,,336,12.8%,8.2%,4.3%,0.0%,15.0%,0.1%
72091000000,PR,Manati Municipio,1,1,0,0.0%,,0,,,,,,
72091570100,PR,Manati Municipio,13,13,69,11.0%,,622,20.5%,7.0%,2.3%,0.0%,14.0%,0.5%
72091570200,PR,Manati Municipio,16,16,95,12.2%,,784,15.8%,5.3%,3.7%,0.0%,14.0%,0.5%
72091570300,PR,Manati Municipio,12,13,20,11.1%,3.0%,176,21.4%,8.5%,1.7%,0.0%,14.0%,0.5%
72091570400,PR,Manati Municipio,12,12,35,11.0%,,316,17.8%,5.9%,2.0%,0.0%,14.0%,0.5%
72091570500,PR,Manati Municipio,17,14,115,11.7%,2.3%,979,20.7%,8.1%,2.8%,0.0%,14.0%,0.5%
72091570600,PR,Manati Municipio,11,12,43,10.1%,2.1%,426,19.4%,4.6%,2.0%,0.0%,14.0%,0.5%
72091570700,PR,Manati Municipio,17,17,35,15.7%,,223,13.5%,12.4%,3.9%,0.0%,14.0%,0.5%
72091570800,PR,Manati Municipio,15,15,86,11.6%,,740,20.0%,7.9%,2.5%,0.0%,14.0%,0.5%
72093960100,PR,Maricao Municipio,17,17,23,15.4%,,151,4.7%,14.0%,2.3%,0.0%,13.4%,-0.6%
72093960200,PR,Maricao Municipio,16,15,10,14.7%,3.8%,70,13.6%,13.6%,4.5%,0.0%,13.4%,-0.6%
72095000000,PR,Maunabo Municipio,1,1,0,0.0%,,0,,,,,,
72095951400,PR,Maunabo Municipio,19,19,93,22.0%,,422,10.2%,16.6%,4.2%,0.0%,18.9%,-0.2%
72095951500,PR,Maunabo Municipio,17,17,23,15.5%,,145,21.1%,13.2%,0.0%,0.0%,18.9%,-0.2%
72095951600,PR,Maunabo Municipio,20,13,37,24.7%,1.7%,151,10.3%,16.2%,8.8%,0.0%,18.9%,-0.2%
72097000000,PR,Mayaguez Municipio,1,1,0,0.0%,,0,,,,,,
72097080100,PR,Mayaguez Municipio,16,16,22,14.5%,,154,10.7%,10.7%,3.6%,0.0%,12.9%,0.6%
72097080200,PR,Mayaguez Municipio,11,11,12,10.4%,1.5%,112,13.9%,5.6%,1.4%,0.0%,12.9%,0.6%
72097080300,PR,Mayaguez Municipio,14,14,9,12.4%,,72,13.6%,9.1%,2.3%,0.0%,12.9%,0.6%
72097080400,PR,Mayaguez Municipio,16,17,6,14.6%,30.0%,42,7.3%,7.3%,4.9%,0.0%,12.9%,0.6%
72097080500,PR,Mayaguez Municipio,11,17,5,10.5%,12.7%,51,19.6%,10.9%,0.0%,0.0%,12.9%,0.6%
72097080600,PR,Mayaguez Municipio,13,16,17,11.9%,5.0%,146,6.3%,6.3%,0.7%,0.0%,12.9%,0.6%
72097080800,PR,Mayaguez Municipio,17,19,23,16.0%,8.5%,146,12.5%,13.5%,4.8%,0.0%,12.9%,0.6%
72097080900,PR,Mayaguez Municipio,20,20,12,25.4%,11.1%,46,0.0%,25.0%,8.3%,0.0%,12.9%,0.6%
72097081000,PR,Mayaguez Municipio,11,11,9,10.1%,1.6%,93,14.3%,5.5%,1.1%,0.0%,12.9%,0.6%
72097081100,PR,Mayaguez Municipio,14,17,2,13.0%,14.7%,13,14.3%,14.3%,0.0%,0.0%,12.9%,0.6%
72097081200,PR,Mayaguez Municipio,2,2,1,3.5%,,37,31.6%,0.0%,0.0%,0.0%,12.9%,0.6%
72097081300,PR,Mayaguez Municipio,8,8,22,8.2%,2.3%,263,24.8%,4.8%,2.1%,0.0%,12.9%,0.6%
72097081501,PR,Mayaguez Municipio,13,14,43,11.6%,3.2%,373,16.7%,8.3%,2.5%,0.0%,12.9%,0.6%
72097081512,PR,Mayaguez Municipio,16,16,27,14.1%,,191,13.1%,10.5%,3.9%,0.0%,12.9%,0.6%
72097081522,PR,Mayaguez Municipio,13,11,72,11.1%,1.7%,647,11.7%,3.8%,2.9%,0.0%,12.9%,0.6%
72097081601,PR,Mayaguez Municipio,14,14,62,12.2%,,506,15.4%,10.6%,1.6%,0.0%,12.9%,0.6%
72097081602,PR,Mayaguez Municipio,15,15,33,13.8%,,237,13.2%,10.4%,3.5%,0.0%,12.9%,0.6%
72097081700,PR,Mayaguez Municipio,15,16,28,13.2%,4.2%,210,15.9%,7.6%,5.3%,0.0%,12.9%,0.6%
72097081800,PR,Mayaguez Municipio,17,17,60,16.8%,,357,12.6%,15.1%,5.0%,0.0%,12.9%,0.6%
72097081900,PR,Mayaguez Municipio,17,17,42,16.3%,,257,16.8%,16.8%,4.7%,0.0%,12.9%,0.6%
72097082001,PR,Mayaguez Municipio,15,13,85,11.5%,2.1%,742,17.7%,6.9%,3.6%,0.0%,12.9%,0.6%
72097082012,PR,Mayaguez Municipio,14,14,59,12.3%,,475,16.8%,7.8%,4.1%,0.0%,12.9%,0.6%
72097082022,PR,Mayaguez Municipio,12,12,22,10.8%,,202,14.7%,7.4%,1.1%,0.0%,12.9%,0.6%
72097082102,PR,Mayaguez Municipio,10,11,34,9.8%,1.9%,344,16.2%,3.0%,3.0%,0.0%,12.9%,0.6%
72097082103,PR,Mayaguez Municipio,12,12,31,10.6%,2.2%,293,15.6%,6.9%,1.4%,0.0%,12.9%,0.6%
72097082104,PR,Mayaguez Municipio,17,17,46,16.3%,,282,6.3%,16.2%,1.4%,0.0%,12.9%,0.6%
72099420100,PR,Moca Municipio,14,14,36,12.3%,,297,14.4%,8.4%,4.8%,0.0%,11.8%,0.3%
72099420200,PR,Moca Municipio,13,12,71,11.3%,2.0%,626,16.0%,10.7%,2.3%,0.0%,11.8%,0.3%
72099420301,PR,Moca Municipio,8,8,20,8.2%,,247,25.6%,10.3%,0.9%,0.0%,11.8%,0.3%
72099420302,PR,Moca Municipio,16,16,33,14.6%,,228,9.4%,14.1%,3.1%,0.0%,11.8%,0.3%
72099420400,PR,Moca Municipio,11,11,48,10.4%,,461,21.0%,9.6%,3.2%,0.0%,11.8%,0.3%
72099420500,PR,Moca Municipio,14,14,44,12.9%,,339,22.1%,11.1%,6.8%,0.0%,11.8%,0.3%
72101955200,PR,Morovis Municipio,17,17,111,15.7%,,710,18.1%,11.7%,3.1%,0.0%,15.7%,1.2%
72101955300,PR,Morovis Municipio,14,9,50,12.8%,0.8%,392,20.8%,6.7%,2.6%,0.0%,15.7%,1.2%
72101955401,PR,Morovis Municipio,17,17,46,15.8%,,290,18.2%,8.5%,5.4%,0.0%,15.7%,1.2%
72101955402,PR,Morovis Municipio,17,17,24,15.5%,,158,20.7%,12.1%,3.4%,0.0%,15.7%,1.2%
72101955500,PR,Morovis Municipio,18,14,29,17.4%,2.7%,169,21.9%,16.4%,4.1%,0.0%,15.7%,1.2%
72103000000,PR,Naguabo Municipio,1,1,0,0.0%,,0,,,,,,
72103170100,PR,Naguabo Municipio,16,16,53,14.1%,,377,14.4%,6.5%,1.5%,0.0%,16.9%,1.1%
72103170200,PR,Naguabo Municipio,14,14,47,12.9%,,368,15.6%,3.6%,1.8%,0.0%,16.9%,1.1%
72103170300,PR,Naguabo Municipio,15,15,60,13.1%,,460,18.8%,5.1%,2.2%,0.0%,16.9%,1.1%
72103170400,PR,Naguabo Municipio,15,16,91,9.5%,4.6%,960,29.3%,3.1%,1.2%,0.0%,16.9%,1.1%
72105520100,PR,Naranjito Municipio,18,18,59,17.5%,,336,9.5%,12.8%,5.4%,0.0%,12.8%,1.3%
72105520200,PR,Naranjito Municipio,13,13,38,12.0%,,314,14.3%,8.1%,1.2%,0.0%,12.8%,1.3%
72105520300,PR,Naranjito Municipio,17,17,13,16.7%,,79,8.2%,18.4%,0.0%,0.0%,12.8%,1.3%
72105520400,PR,Naranjito Municipio,16,8,73,14.4%,0.4%,509,15.6%,11.9%,3.1%,0.0%,12.8%,1.3%
72105520500,PR,Naranjito Municipio,16,16,95,14.0%,,675,21.1%,10.0%,5.7%,0.0%,12.8%,1.3%
72107954801,PR,Orocovis Municipio,18,18,42,17.6%,,237,14.0%,9.8%,3.7%,0.0%,16.5%,1.9%
72107954802,PR,Orocovis Municipio,18,18,15,18.6%,,80,25.0%,19.4%,2.8%,0.0%,16.5%,1.9%
72107954901,PR,Orocovis Municipio,20,20,31,27.3%,,114,11.5%,26.9%,7.7%,0.0%,16.5%,1.9%
72107954902,PR,Orocovis Municipio,16,13,13,14.3%,2.0%,92,13.8%,6.9%,0.0%,0.0%,16.5%,1.9%
72107955001,PR,Orocovis Municipio,18,18,51,17.8%,,287,19.3%,10.0%,5.7%,0.0%,16.5%,1.9%
72107955002,PR,Orocovis Municipio,19,19,23,20.9%,,111,19.0%,19.0%,4.8%,0.0%,16.5%,1.9%
72107955100,PR,Orocovis Municipio,18,18,28,18.6%,,152,11.4%,5.7%,7.1%,0.0%,16.5%,1.9%
72109000000,PR,Patillas Municipio,1,1,0,0.0%,,0,,,,,,
72109290100,PR,Patillas Municipio,13,13,22,11.6%,,188,24.1%,9.1%,1.1%,0.0%,16.6%,0.5%
72109290200,PR,Patillas Municipio,17,16,90,15.9%,3.7%,567,16.2%,10.0%,5.2%,0.0%,16.6%,0.5%
72109290300,PR,Patillas Municipio,17,17,60,15.7%,,385,8.3%,8.3%,3.1%,0.0%,16.6%,0.5%
72109290400,PR,Patillas Municipio,13,13,34,11.7%,,293,20.3%,6.9%,1.4%,0.0%,16.6%,0.5%
72111000000,PR,Penuelas Municipio,1,1,0,0.0%,,0,,,,,,
72111730100,PR,Penuelas Municipio,18,18,22,18.8%,,119,6.0%,13.1%,7.1%,0.0%,14.6%,0.4%
72111730200,PR,Penuelas Municipio,19,19,53,22.1%,,238,10.2%,16.3%,12.2%,0.0%,14.6%,0.4%
72111730300,PR,Penuelas Municipio,17,9,72,15.7%,0.4%,460,13.0%,12.3%,4.7%,0.0%,14.6%,0.4%
72111730400,PR,Penuelas Municipio,18,18,45,18.9%,,237,0.0%,14.0%,4.7%,0.0%,14.6%,0.4%
72111730700,PR,Penuelas Municipio,18,18,28,17.7%,,158,11.1%,19.4%,2.8%,0.0%,14.6%,0.4%
72111730800,PR,Penuelas Municipio,14,14,9,13.0%,,66,18.5%,10.8%,3.1%,0.0%,14.6%,0.4%
72113000000,PR,Ponce Municipio,1,1,0,0.0%,,0,,,,,,
72113070100,PR,Ponce Municipio,14,12,75,10.0%,1.7%,746,12.3%,7.1%,1.9%,0.0%,11.5%,0.5%
72113070201,PR,Ponce Municipio,16,16,64,15.0%,,425,8.0%,13.8%,4.6%,0.0%,11.5%,0.5%
72113070202,PR,Ponce Municipio,16,16,13,15.0%,,87,11.5%,13.8%,5.7%,0.0%,11.5%,0.5%
72113070300,PR,Ponce Municipio,17,14,11,15.7%,2.3%,70,11.8%,15.7%,5.9%,0.0%,11.5%,0.5%
72113070400,PR,Ponce Municipio,13,13,6,11.7%,,51,10.2%,10.2%,2.0%,0.0%,11.5%,0.5%
72113070502,PR,Ponce Municipio,8,8,29,8.0%,2.4%,360,14.6%,3.4%,1.7%,0.0%,11.5%,0.5%
72113070503,PR,Ponce Municipio,8,8,41,8.1%,6.8%,507,15.3%,4.4%,1.6%,0.0%,11.5%,0.5%
72113070513,PR,Ponce Municipio,8,8,42,8.3%,,504,14.5%,6.0%,0.4%,0.0%,11.5%,0.5%
72113070514,PR,Ponce Municipio,10,10,47,9.5%,,491,23.5%,5.9%,5.9%,0.0%,11.5%,0.5%
72113070522,PR,Ponce Municipio,14,14,41,12.4%,,327,12.5%,8.9%,4.9%,0.0%,11.5%,0.5%
72113070800,PR,Ponce Municipio,15,16,6,13.7%,4.6%,41,19.5%,19.5%,2.4%,0.0%,11.5%,0.5%
72113070900,PR,Ponce Municipio,13,13,4,11.5%,,32,15.4%,15.4%,0.0%,0.0%,11.5%,0.5%
72113071000,PR,Ponce Municipio,17,17,7,22.7%,6.4%,30,9.1%,27.3%,9.1%,0.0%,11.5%,0.5%
72113071200,PR,Ponce Municipio,12,10,20,11.3%,1.3%,176,11.2%,8.2%,2.9%,0.0%,11.5%,0.5%
72113071300,PR,Ponce Municipio,12,12,5,11.0%,,47,12.5%,12.5%,0.0%,0.0%,11.5%,0.5%
72113071401,PR,Ponce Municipio,12,12,37,11.1%,,334,12.2%,11.4%,0.8%,0.0%,11.5%,0.5%
72113071402,PR,Ponce Municipio,14,14,79,11.5%,,689,13.6%,11.9%,1.7%,0.0%,11.5%,0.5%
72113071500,PR,Ponce Municipio,7,7,36,7.7%,,463,20.1%,6.8%,0.8%,0.0%,11.5%,0.5%
72113071601,PR,Ponce Municipio,11,11,34,9.9%,,342,14.9%,4.5%,4.5%,0.0%,11.5%,0.5%
72113071602,PR,Ponce Municipio,17,17,24,16.0%,,151,15.2%,4.3%,15.2%,0.0%,11.5%,0.5%
72113071700,PR,Ponce Municipio,10,11,14,9.5%,1.9%,149,8.4%,5.6%,0.7%,0.0%,11.5%,0.5%
72113071800,PR,Ponce Municipio,12,17,10,11.2%,7.9%,87,7.2%,8.4%,1.2%,0.0%,11.5%,0.5%
72113071900,PR,Ponce Municipio,14,14,38,12.4%,,307,13.3%,11.1%,3.7%,0.0%,11.5%,0.5%
72113072000,PR,Ponce Municipio,12,11,32,10.9%,1.6%,297,12.9%,8.8%,2.6%,0.0%,11.5%,0.5%
72113072101,PR,Ponce Municipio,9,9,6,9.0%,,66,18.2%,6.1%,3.0%,0.0%,11.5%,0.5%
72113072102,PR,Ponce Municipio,17,10,127,10.5%,0.9%,"1,207",13.3%,7.7%,2.7%,0.0%,11.5%,0.5%
72113072201,PR,Ponce Municipio,12,12,36,11.1%,,327,14.1%,9.2%,3.1%,0.0%,11.5%,0.5%
72113072202,PR,Ponce Municipio,17,9,124,11.2%,0.5%,"1,110",12.6%,7.6%,3.7%,0.0%,11.5%,0.5%
72113072300,PR,Ponce Municipio,17,7,8,20.0%,0.2%,41,9.1%,27.3%,4.5%,0.0%,11.5%,0.5%
72113072400,PR,Ponce Municipio,9,9,44,5.7%,0.8%,774,26.3%,4.3%,1.3%,0.0%,11.5%,0.5%
72113072500,PR,Ponce Municipio,14,14,78,10.2%,,765,15.0%,7.5%,3.0%,0.0%,11.5%,0.5%
72113072600,PR,Ponce Municipio,13,13,15,11.5%,,133,14.1%,10.2%,3.1%,0.0%,11.5%,0.5%
72113072701,PR,Ponce Municipio,11,1,32,10.5%,0.0%,304,11.9%,7.5%,2.4%,0.0%,11.5%,0.5%
72113072703,PR,Ponce Municipio,9,9,35,9.0%,,396,15.2%,6.4%,1.6%,0.0%,11.5%,0.5%
72113072704,PR,Ponce Municipio,6,6,14,6.8%,0.0%,200,15.1%,2.5%,0.5%,0.0%,11.5%,0.5%
72113072900,PR,Ponce Municipio,12,7,61,9.0%,0.4%,681,13.3%,5.9%,1.2%,0.0%,11.5%,0.5%
72113073001,PR,Ponce Municipio,16,16,30,14.6%,,205,9.4%,15.6%,3.1%,0.0%,11.5%,0.5%
72113073002,PR,Ponce Municipio,19,19,25,20.5%,,121,13.8%,17.2%,13.8%,0.0%,11.5%,0.5%
72113073003,PR,Ponce Municipio,15,15,38,13.4%,,287,12.5%,18.8%,0.0%,0.0%,11.5%,0.5%
72113073004,PR,Ponce Municipio,12,10,67,10.5%,1.2%,637,17.2%,6.0%,5.2%,0.0%,11.5%,0.5%
72113073005,PR,Ponce Municipio,13,13,74,11.6%,,643,13.9%,8.3%,4.4%,0.0%,11.5%,0.5%
72113073006,PR,Ponce Municipio,8,8,8,8.5%,,97,20.0%,10.0%,0.0%,0.0%,11.5%,0.5%
72113073007,PR,Ponce Municipio,18,18,130,11.2%,,"1,162",16.4%,10.4%,3.1%,0.0%,11.5%,0.5%
72113073008,PR,Ponce Municipio,9,9,0,8.7%,,1,0.0%,0.0%,0.0%,0.0%,11.5%,0.5%
72115000000,PR,Quebradillas Municipio,1,1,0,0.0%,,0,,,,,,
72115330100,PR,Quebradillas Municipio,15,15,78,13.7%,,572,16.2%,9.8%,6.4%,0.0%,12.3%,0.4%
72115330200,PR,Quebradillas Municipio,16,12,68,15.0%,1.5%,452,15.0%,13.0%,6.0%,0.0%,12.3%,0.4%
72115330300,PR,Quebradillas Municipio,13,13,43,11.7%,,371,20.2%,8.0%,5.6%,0.0%,12.3%,0.4%
72115330400,PR,Quebradillas Municipio,14,14,38,13.0%,,293,18.0%,10.3%,5.6%,0.0%,12.3%,0.4%
72117000000,PR,Rincon Municipio,1,1,0,0.0%,,0,,,,,,
72117959400,PR,Rincon Municipio,12,12,42,11.2%,,373,13.4%,6.7%,2.2%,0.0%,12.7%,0.5%
72117959500,PR,Rincon Municipio,6,6,21,7.1%,1.0%,292,21.9%,2.8%,1.0%,0.0%,12.7%,0.5%
72117959600,PR,Rincon Municipio,10,4,35,9.2%,0.1%,377,14.4%,3.2%,1.6%,0.0%,12.7%,0.5%
72119000000,PR,Rio Grande Municipio,1,1,0,0.0%,,0,,,,,,
72119130100,PR,Rio Grande Municipio,20,20,229,10.5%,,"2,167",16.1%,4.9%,1.6%,0.0%,12.8%,1.7%
72119130200,PR,Rio Grande Municipio,17,15,29,15.5%,3.2%,189,15.6%,10.6%,6.1%,0.0%,12.8%,1.7%
72119130300,PR,Rio Grande Municipio,16,16,108,13.9%,,777,15.8%,10.8%,3.3%,0.0%,12.8%,1.7%
72119130400,PR,Rio Grande Municipio,13,13,55,11.9%,,464,14.9%,6.1%,2.7%,0.0%,12.8%,1.7%
72119130500,PR,Rio Grande Municipio,19,11,164,14.4%,1.0%,"1,134",16.2%,10.8%,4.4%,0.0%,12.8%,1.7%
72119130600,PR,Rio Grande Municipio,13,13,56,11.8%,,473,24.3%,7.2%,5.1%,0.0%,12.8%,1.7%
72119130701,PR,Rio Grande Municipio,15,15,52,13.5%,,388,17.2%,10.3%,3.4%,0.0%,12.8%,1.7%
72119130702,PR,Rio Grande Municipio,15,15,57,13.1%,,437,21.5%,11.2%,3.7%,0.0%,12.8%,1.7%
72121960300,PR,Sabana Grande Municipio,17,17,76,16.7%,,453,15.4%,9.9%,6.1%,0.0%,14.4%,0.7%
72121960400,PR,Sabana Grande Municipio,17,17,126,14.3%,,876,17.1%,10.6%,2.5%,0.0%,14.4%,0.7%
72121960500,PR,Sabana Grande Municipio,17,14,11,16.4%,2.6%,68,9.0%,10.4%,3.0%,0.0%,14.4%,0.7%
72121960600,PR,Sabana Grande Municipio,16,16,45,14.3%,,311,21.2%,9.4%,4.7%,0.0%,14.4%,0.7%
72121960700,PR,Sabana Grande Municipio,19,19,38,22.0%,,175,15.3%,18.6%,8.5%,0.0%,14.4%,0.7%
72121960800,PR,Sabana Grande Municipio,19,19,32,21.1%,,151,10.2%,20.4%,4.1%,0.0%,14.4%,0.7%
72123000000,PR,Salinas Municipio,1,1,0,0.0%,,0,,,,,,
72123952600,PR,Salinas Municipio,18,18,25,18.0%,,142,17.4%,13.0%,4.3%,0.0%,16.5%,2.0%
72123952700,PR,Salinas Municipio,20,20,27,24.3%,,113,9.3%,16.7%,10.2%,0.0%,16.5%,2.0%
72123952800,PR,Salinas Municipio,18,18,44,18.4%,,240,12.0%,13.5%,2.9%,0.0%,16.5%,2.0%
72123952900,PR,Salinas Municipio,15,14,84,11.0%,2.7%,765,26.1%,3.9%,1.5%,0.0%,16.5%,2.0%
72123953000,PR,Salinas Municipio,15,14,45,13.5%,2.7%,336,24.7%,7.8%,2.6%,0.0%,16.5%,2.0%
72123953100,PR,Salinas Municipio,19,19,71,20.6%,,343,10.5%,17.5%,3.5%,0.0%,16.5%,2.0%
72123953200,PR,Salinas Municipio,14,14,19,12.5%,,149,19.4%,4.3%,1.4%,0.0%,16.5%,2.0%
72125840100,PR,San German Municipio,17,17,21,15.6%,,133,15.4%,14.3%,4.4%,0.0%,13.4%,0.6%
72125840200,PR,San German Municipio,17,17,56,15.3%,,367,16.9%,13.7%,4.8%,0.0%,13.4%,0.6%
72125840300,PR,San German Municipio,19,19,55,20.6%,,266,13.8%,20.2%,8.3%,0.0%,13.4%,0.6%
72125840400,PR,San German Municipio,15,13,82,13.2%,2.3%,619,14.4%,8.4%,4.0%,0.0%,13.4%,0.6%
72125840500,PR,San German Municipio,16,12,52,14.2%,1.5%,370,14.4%,9.6%,4.8%,0.0%,13.4%,0.6%
72125840600,PR,San German Municipio,15,15,30,14.0%,,213,22.0%,15.9%,3.0%,0.0%,13.4%,0.6%
72125840700,PR,San German Municipio,18,18,61,18.7%,,323,10.1%,15.2%,7.2%,0.0%,13.4%,0.6%
72127000000,PR,San Juan Municipio,1,1,0,0.0%,,0,,,,,,
72127000400,PR,San Juan Municipio,5,5,18,6.3%,,281,17.8%,6.0%,1.8%,0.0%,8.5%,0.6%
72127000500,PR,San Juan Municipio,6,6,25,7.2%,9.1%,348,19.1%,7.2%,2.9%,0.0%,8.5%,0.6%
72127000600,PR,San Juan Municipio,4,4,16,5.7%,0.4%,290,15.7%,3.8%,1.4%,0.0%,8.5%,0.6%
72127000700,PR,San Juan Municipio,8,8,14,8.5%,0.9%,167,14.0%,4.9%,4.9%,0.0%,8.5%,0.6%
72127000900,PR,San Juan Municipio,7,7,35,4.1%,3.4%,860,20.2%,3.0%,1.0%,0.0%,8.5%,0.6%
72127001000,PR,San Juan Municipio,10,15,52,4.8%,4.9%,"1,074",18.0%,3.8%,0.8%,0.0%,8.5%,0.6%
72127001100,PR,San Juan Municipio,2,2,12,3.0%,4.0%,412,24.8%,3.0%,0.8%,0.0%,8.5%,0.6%
72127001200,PR,San Juan Municipio,3,3,14,4.8%,5.4%,286,22.1%,3.6%,2.5%,0.0%,8.5%,0.6%
72127001300,PR,San Juan Municipio,6,6,6,7.3%,,79,18.6%,7.1%,2.9%,0.0%,8.5%,0.6%
72127001400,PR,San Juan Municipio,8,8,6,8.2%,9.5%,77,12.8%,4.3%,4.3%,0.0%,8.5%,0.6%
72127001500,PR,San Juan Municipio,4,4,10,5.4%,6.1%,177,24.0%,7.8%,1.2%,0.0%,8.5%,0.6%
72127001600,PR,San Juan Municipio,6,6,30,5.2%,11.5%,573,17.5%,4.5%,0.9%,0.0%,8.5%,0.6%
72127001800,PR,San Juan Municipio,4,4,14,5.7%,3.8%,250,17.6%,4.1%,2.0%,0.0%,8.5%,0.6%
72127001900,PR,San Juan Municipio,7,7,35,4.7%,5.0%,749,21.3%,3.4%,2.0%,0.0%,8.5%,0.6%
72127002002,PR,San Juan Municipio,7,7,8,7.9%,,106,19.0%,7.6%,3.8%,0.0%,8.5%,0.6%
72127002100,PR,San Juan Municipio,8,8,9,8.1%,,114,13.6%,5.5%,3.6%,0.0%,8.5%,0.6%
72127002200,PR,San Juan Municipio,9,9,10,9.0%,,107,14.9%,7.9%,4.0%,0.0%,8.5%,0.6%
72127002300,PR,San Juan Municipio,6,6,3,6.8%,2.2%,48,14.6%,2.1%,4.2%,0.0%,8.5%,0.6%
72127002400,PR,San Juan Municipio,5,5,12,6.6%,6.3%,185,13.1%,4.4%,1.6%,0.0%,8.5%,0.6%
72127002500,PR,San Juan Municipio,5,5,7,6.1%,6.0%,110,23.6%,2.8%,5.7%,0.0%,8.5%,0.6%
72127002600,PR,San Juan Municipio,4,4,7,5.5%,,129,27.0%,5.4%,4.1%,0.0%,8.5%,0.6%
72127002800,PR,San Juan Municipio,9,9,19,8.9%,,208,17.1%,11.1%,2.5%,0.0%,8.5%,0.6%
72127002900,PR,San Juan Municipio,20,20,11,24.8%,,46,0.0%,18.2%,18.2%,0.0%,8.5%,0.6%
72127003000,PR,San Juan Municipio,15,15,15,13.2%,,112,18.2%,14.3%,7.8%,0.0%,8.5%,0.6%
72127003100,PR,San Juan Municipio,7,7,8,7.8%,,104,22.4%,13.3%,1.0%,0.0%,8.5%,0.6%
72127003200,PR,San Juan Municipio,17,16,19,15.9%,4.5%,119,10.0%,23.3%,3.3%,0.0%,8.5%,0.6%
72127003300,PR,San Juan Municipio,12,12,10,10.7%,,89,11.5%,13.5%,1.9%,0.0%,8.5%,0.6%
72127003400,PR,San Juan Municipio,17,12,8,19.1%,1.3%,43,7.0%,20.9%,9.3%,0.0%,8.5%,0.6%
72127003501,PR,San Juan Municipio,17,11,7,24.2%,0.8%,29,0.0%,25.0%,12.5%,0.0%,8.5%,0.6%
72127003502,PR,San Juan Municipio,3,3,1,4.9%,,15,21.4%,7.1%,0.0%,0.0%,8.5%,0.6%
72127003600,PR,San Juan Municipio,18,18,10,18.0%,,57,9.5%,19.0%,9.5%,0.0%,8.5%,0.6%
72127003700,PR,San Juan Municipio,15,15,12,13.8%,,90,14.3%,16.3%,6.1%,0.0%,8.5%,0.6%
72127003800,PR,San Juan Municipio,14,14,28,13.0%,,215,16.6%,13.7%,7.3%,0.0%,8.5%,0.6%
72127003900,PR,San Juan Municipio,4,4,12,5.8%,,215,12.5%,2.4%,1.4%,0.0%,8.5%,0.6%
72127004200,PR,San Juan Municipio,11,11,7,10.3%,1.8%,69,13.2%,7.4%,5.9%,0.0%,8.5%,0.6%
72127004300,PR,San Juan Municipio,8,8,40,5.4%,,745,15.2%,3.2%,1.3%,0.0%,8.5%,0.6%
72127004400,PR,San Juan Municipio,1,1,1,2.6%,,38,28.9%,5.3%,0.0%,0.0%,8.5%,0.6%
72127004500,PR,San Juan Municipio,5,5,3,6.5%,,41,10.0%,5.0%,0.0%,0.0%,8.5%,0.6%
72127004600,PR,San Juan Municipio,14,14,18,12.9%,,137,21.7%,23.9%,2.2%,0.0%,8.5%,0.6%
72127004700,PR,San Juan Municipio,7,7,25,7.5%,3.1%,336,13.8%,6.9%,1.7%,0.0%,8.5%,0.6%
72127004800,PR,San Juan Municipio,1,1,0,0.0%,,1,100.0%,0.0%,0.0%,0.0%,8.5%,0.6%
72127004900,PR,San Juan Municipio,12,12,18,11.2%,,159,11.8%,10.9%,4.5%,0.0%,8.5%,0.6%
72127005000,PR,San Juan Municipio,6,6,29,6.9%,2.3%,420,20.1%,7.2%,2.7%,0.0%,8.5%,0.6%
72127005101,PR,San Juan Municipio,8,8,12,8.1%,,154,19.8%,8.6%,3.7%,0.0%,8.5%,0.6%
72127005102,PR,San Juan Municipio,13,13,19,12.1%,2.8%,157,16.3%,16.3%,3.9%,0.0%,8.5%,0.6%
72127005103,PR,San Juan Municipio,10,9,13,9.8%,0.8%,137,17.2%,7.5%,6.5%,0.0%,8.5%,0.6%
72127005201,PR,San Juan Municipio,5,5,22,6.3%,1.8%,345,22.6%,2.4%,6.0%,0.0%,8.5%,0.6%
72127005202,PR,San Juan Municipio,3,3,17,3.8%,3.6%,455,26.7%,2.2%,3.3%,0.0%,8.5%,0.6%
72127005204,PR,San Juan Municipio,7,7,34,7.3%,2.6%,462,19.7%,8.1%,2.7%,0.0%,8.5%,0.6%
72127005213,PR,San Juan Municipio,4,4,24,5.2%,,453,18.1%,4.3%,1.1%,0.0%,8.5%,0.6%
72127005300,PR,San Juan Municipio,7,7,23,7.3%,1.8%,318,24.7%,8.2%,4.4%,0.0%,8.5%,0.6%
72127005401,PR,San Juan Municipio,10,10,50,4.8%,1.2%,"1,037",19.9%,4.3%,1.2%,0.0%,8.5%,0.6%
72127005402,PR,San Juan Municipio,2,2,1,3.4%,,20,15.0%,0.0%,0.0%,0.0%,8.5%,0.6%
72127005403,PR,San Juan Municipio,4,4,22,3.8%,,588,21.2%,3.5%,0.4%,0.0%,8.5%,0.6%
72127005500,PR,San Juan Municipio,8,8,21,8.0%,,263,20.5%,9.4%,3.1%,0.0%,8.5%,0.6%
72127005601,PR,San Juan Municipio,5,5,25,6.1%,3.1%,414,15.4%,4.5%,1.6%,0.0%,8.5%,0.6%
72127005602,PR,San Juan Municipio,6,6,21,6.9%,1.4%,308,18.5%,9.1%,1.0%,0.0%,8.5%,0.6%
72127005800,PR,San Juan Municipio,5,5,14,6.2%,2.6%,225,15.8%,6.3%,0.6%,0.0%,8.5%,0.6%
72127005900,PR,San Juan Municipio,9,9,12,9.2%,5.0%,134,11.5%,9.6%,1.9%,0.0%,8.5%,0.6%
72127006000,PR,San Juan Municipio,7,7,5,7.5%,,73,10.3%,7.7%,0.0%,0.0%,8.5%,0.6%
72127006101,PR,San Juan Municipio,9,9,20,8.7%,2.1%,231,12.9%,9.3%,1.8%,0.0%,8.5%,0.6%
72127006102,PR,San Juan Municipio,4,4,7,5.8%,,117,19.3%,5.5%,1.8%,0.0%,8.5%,0.6%
72127006200,PR,San Juan Municipio,5,5,8,6.3%,4.2%,127,25.7%,8.6%,2.9%,0.0%,8.5%,0.6%
72127006300,PR,San Juan Municipio,7,7,37,5.0%,4.2%,735,18.0%,4.5%,0.7%,0.0%,8.5%,0.6%
72127006500,PR,San Juan Municipio,4,4,12,5.9%,,209,16.9%,6.5%,0.5%,0.0%,8.5%,0.6%
72127006600,PR,San Juan Municipio,5,5,20,6.1%,1.0%,336,13.7%,3.5%,1.6%,0.0%,8.5%,0.6%
72127006700,PR,San Juan Municipio,6,6,29,5.5%,1.6%,533,14.3%,3.9%,0.6%,0.0%,8.5%,0.6%
72127006800,PR,San Juan Municipio,5,5,28,4.5%,1.3%,616,17.1%,2.1%,1.2%,0.0%,8.5%,0.6%
72127006900,PR,San Juan Municipio,5,5,18,6.3%,,287,15.2%,5.6%,1.1%,0.0%,8.5%,0.6%
72127007000,PR,San Juan Municipio,4,4,14,5.9%,,240,21.8%,4.4%,3.6%,0.0%,8.5%,0.6%
72127007100,PR,San Juan Municipio,5,5,16,6.2%,,256,21.9%,5.3%,3.5%,0.0%,8.5%,0.6%
72127007300,PR,San Juan Municipio,6,6,32,6.9%,3.3%,458,18.3%,5.9%,3.0%,0.0%,8.5%,0.6%
72127007400,PR,San Juan Municipio,4,4,11,5.6%,,202,21.2%,3.5%,3.5%,0.0%,8.5%,0.6%
72127007500,PR,San Juan Municipio,3,3,10,5.0%,,202,16.5%,3.5%,0.9%,0.0%,8.5%,0.6%
72127007600,PR,San Juan Municipio,7,7,19,7.5%,4.9%,256,17.5%,7.8%,2.4%,0.0%,8.5%,0.6%
72127007700,PR,San Juan Municipio,11,11,38,9.9%,,380,17.0%,6.6%,7.1%,0.0%,8.5%,0.6%
72127007800,PR,San Juan Municipio,6,6,33,6.0%,,558,20.8%,5.7%,2.5%,0.0%,8.5%,0.6%
72127007900,PR,San Juan Municipio,2,2,14,3.1%,,434,26.8%,5.0%,0.3%,0.0%,8.5%,0.6%
72127008001,PR,San Juan Municipio,4,4,21,5.4%,,389,18.1%,4.8%,1.2%,0.0%,8.5%,0.6%
72127008002,PR,San Juan Municipio,5,5,15,6.0%,1.8%,245,19.5%,4.7%,2.8%,0.0%,8.5%,0.6%
72127008100,PR,San Juan Municipio,3,3,15,3.8%,2.3%,392,24.0%,4.3%,1.0%,0.0%,8.5%,0.6%
72127008201,PR,San Juan Municipio,6,6,0,6.6%,0.0%,5,0.0%,0.0%,0.0%,0.0%,8.5%,0.6%
72127008202,PR,San Juan Municipio,3,3,14,3.4%,,418,29.0%,3.9%,2.2%,0.0%,8.5%,0.6%
72127008300,PR,San Juan Municipio,5,5,18,6.4%,,289,19.6%,3.9%,3.9%,0.0%,8.5%,0.6%
72127008400,PR,San Juan Municipio,3,3,19,4.0%,1.4%,466,20.6%,2.9%,1.0%,0.0%,8.5%,0.6%
72127008500,PR,San Juan Municipio,4,4,19,5.7%,1.8%,336,21.0%,6.5%,1.6%,0.0%,8.5%,0.6%
72127008601,PR,San Juan Municipio,2,2,9,4.2%,3.6%,221,19.6%,0.9%,2.3%,0.0%,8.5%,0.6%
72127008602,PR,San Juan Municipio,4,4,18,5.7%,1.2%,326,14.2%,4.0%,0.8%,0.0%,8.5%,0.6%
72127008603,PR,San Juan Municipio,4,4,13,5.3%,3.1%,250,19.1%,3.7%,2.1%,0.0%,8.5%,0.6%
72127008700,PR,San Juan Municipio,3,3,10,4.6%,,226,13.5%,1.4%,0.5%,0.0%,8.5%,0.6%
72127008900,PR,San Juan Municipio,5,5,6,6.4%,,94,17.6%,8.8%,0.0%,0.0%,8.5%,0.6%
72127009000,PR,San Juan Municipio,6,6,7,7.1%,,95,16.4%,1.8%,5.5%,0.0%,8.5%,0.6%
72127009111,PR,San Juan Municipio,6,6,31,5.3%,0.4%,580,17.3%,3.5%,1.6%,0.0%,8.5%,0.6%
72127009112,PR,San Juan Municipio,5,5,28,5.7%,1.3%,501,18.9%,4.3%,2.2%,0.0%,8.5%,0.6%
72127009121,PR,San Juan Municipio,5,5,28,6.1%,3.1%,459,19.8%,6.0%,2.2%,0.0%,8.5%,0.6%
72127009122,PR,San Juan Municipio,7,7,35,4.4%,,778,22.0%,3.6%,1.8%,0.0%,8.5%,0.6%
72127009123,PR,San Juan Municipio,7,7,38,6.3%,1.0%,600,18.2%,5.9%,2.0%,0.0%,8.5%,0.6%
72127009300,PR,San Juan Municipio,2,2,7,3.1%,6.1%,220,25.2%,3.2%,0.9%,0.0%,8.5%,0.6%
72127009400,PR,San Juan Municipio,3,3,14,4.8%,9.7%,284,22.5%,6.2%,0.8%,0.0%,8.5%,0.6%
72127009601,PR,San Juan Municipio,5,5,20,6.0%,6.9%,326,14.3%,3.7%,1.6%,0.0%,8.5%,0.6%
72127009602,PR,San Juan Municipio,3,3,16,4.9%,1.5%,316,19.7%,3.2%,2.0%,0.0%,8.5%,0.6%
72127009603,PR,San Juan Municipio,4,4,21,4.5%,2.7%,466,17.3%,2.7%,0.9%,0.0%,8.5%,0.6%
72127009614,PR,San Juan Municipio,4,4,24,4.8%,1.1%,492,18.5%,4.2%,0.8%,0.0%,8.5%,0.6%
72127009624,PR,San Juan Municipio,5,5,29,4.3%,1.5%,660,23.0%,3.8%,1.8%,0.0%,8.5%,0.6%
72127009800,PR,San Juan Municipio,3,3,19,2.1%,5.2%,901,26.6%,2.1%,0.5%,0.0%,8.5%,0.6%
72127009901,PR,San Juan Municipio,5,5,25,4.8%,2.2%,529,18.7%,4.1%,0.8%,0.0%,8.5%,0.6%
72127009902,PR,San Juan Municipio,3,3,15,4.1%,,370,20.2%,3.1%,0.9%,0.0%,8.5%,0.6%
72127009903,PR,San Juan Municipio,8,8,39,5.2%,,753,20.7%,4.5%,2.0%,0.0%,8.5%,0.6%
72127009904,PR,San Juan Municipio,3,3,16,3.9%,1.1%,410,19.2%,1.4%,1.4%,0.0%,8.5%,0.6%
72127010001,PR,San Juan Municipio,12,11,63,4.5%,1.4%,"1,420",21.0%,3.3%,1.6%,0.0%,8.5%,0.6%
72127010002,PR,San Juan Municipio,7,7,38,3.8%,1.2%,981,23.7%,3.5%,1.5%,0.0%,8.5%,0.6%
72127010012,PR,San Juan Municipio,6,6,31,3.5%,,905,21.3%,2.3%,0.8%,0.0%,8.5%,0.6%
72127010022,PR,San Juan Municipio,4,4,23,3.8%,1.0%,621,21.2%,2.5%,1.1%,0.0%,8.5%,0.6%
72127010032,PR,San Juan Municipio,5,5,28,4.8%,0.7%,576,20.5%,3.9%,1.6%,0.0%,8.5%,0.6%
72127010042,PR,San Juan Municipio,5,5,26,4.0%,,651,24.0%,2.7%,2.3%,0.0%,8.5%,0.6%
72127010100,PR,San Juan Municipio,4,4,20,3.2%,,615,25.7%,3.1%,1.3%,0.0%,8.5%,0.6%
72127010200,PR,San Juan Municipio,7,7,36,6.2%,,579,16.8%,5.6%,1.5%,0.0%,8.5%,0.6%
72129220100,PR,San Lorenzo Municipio,9,9,44,8.9%,,493,24.3%,6.3%,2.9%,0.0%,12.6%,0.4%
72129220200,PR,San Lorenzo Municipio,11,13,25,9.9%,2.8%,253,24.3%,8.0%,3.5%,0.0%,12.6%,0.4%
72129220300,PR,San Lorenzo Municipio,10,10,22,9.6%,1.6%,226,19.4%,8.6%,0.9%,0.0%,12.6%,0.4%
72129220401,PR,San Lorenzo Municipio,10,10,37,9.3%,,402,18.4%,4.4%,2.7%,0.0%,12.6%,0.4%
72129220402,PR,San Lorenzo Municipio,11,11,56,9.5%,,585,22.0%,6.8%,2.8%,0.0%,12.6%,0.4%
72129220500,PR,San Lorenzo Municipio,11,11,59,10.3%,,576,19.9%,6.1%,3.9%,0.0%,12.6%,0.4%
72129220600,PR,San Lorenzo Municipio,15,15,18,13.6%,,135,15.4%,11.0%,4.4%,0.0%,12.6%,0.4%
72129220700,PR,San Lorenzo Municipio,14,14,21,13.0%,,163,18.5%,9.8%,5.4%,0.0%,12.6%,0.4%
72131958500,PR,San Sebastian Municipio,14,14,26,12.5%,,207,18.0%,10.2%,4.4%,0.0%,12.9%,0.4%
72131958700,PR,San Sebastian Municipio,13,13,38,11.5%,,332,16.7%,7.5%,4.0%,0.0%,12.9%,0.4%
72131958800,PR,San Sebastian Municipio,16,16,65,14.4%,,453,18.3%,13.0%,6.0%,0.0%,12.9%,0.4%
72131958900,PR,San Sebastian Municipio,19,19,63,19.2%,,326,12.5%,16.7%,9.7%,0.0%,12.9%,0.4%
72131959000,PR,San Sebastian Municipio,15,15,88,13.9%,,633,13.7%,11.5%,4.4%,0.0%,12.9%,0.4%
72131959200,PR,San Sebastian Municipio,17,17,60,15.6%,,384,18.5%,15.9%,6.2%,0.0%,12.9%,0.4%
72131959300,PR,San Sebastian Municipio,16,16,28,14.3%,,196,16.4%,10.3%,6.8%,0.0%,12.9%,0.4%
72131959500,PR,San Sebastian Municipio,18,18,53,18.7%,,282,14.4%,20.0%,7.2%,0.0%,12.9%,0.4%
72131989200,PR,San Sebastian Municipio,14,13,11,12.5%,2.4%,89,21.1%,14.5%,2.6%,0.0%,12.9%,0.4%
72133000000,PR,Santa Isabel Municipio,1,1,0,0.0%,,0,,,,,,
72133953300,PR,Santa Isabel Municipio,11,11,54,8.7%,,618,11.5%,2.6%,3.8%,0.0%,12.7%,-1.2%
72133953500,PR,Santa Isabel Municipio,10,10,25,9.4%,,266,12.0%,7.2%,2.0%,0.0%,12.7%,-1.2%
72133953600,PR,Santa Isabel Municipio,10,10,52,9.2%,,563,14.2%,5.0%,3.9%,0.0%,12.7%,-1.2%
72133953700,PR,Santa Isabel Municipio,11,15,16,10.4%,5.5%,156,11.1%,6.5%,3.9%,0.0%,12.7%,-1.2%
72133953800,PR,Santa Isabel Municipio,14,14,80,11.9%,,672,14.2%,13.0%,3.1%,0.0%,12.7%,-1.2%
72135510100,PR,Toa Alta Municipio,16,16,107,5.1%,,"2,098",22.1%,4.0%,1.1%,0.0%,8.9%,0.8%
72135510200,PR,Toa Alta Municipio,12,8,63,3.7%,0.5%,"1,717",26.3%,3.0%,1.1%,0.0%,8.9%,0.8%
72135510300,PR,Toa Alta Municipio,12,13,38,11.0%,2.6%,343,14.2%,7.5%,5.1%,0.0%,8.9%,0.8%
72135510400,PR,Toa Alta Municipio,7,7,32,7.6%,,429,20.1%,6.7%,2.4%,0.0%,8.9%,0.8%
72135510501,PR,Toa Alta Municipio,16,16,105,6.0%,,"1,764",20.2%,4.4%,1.5%,0.0%,8.9%,0.8%
72135510502,PR,Toa Alta Municipio,11,11,58,6.4%,2.0%,905,19.5%,4.3%,2.0%,0.0%,8.9%,0.8%
72135510503,PR,Toa Alta Municipio,3,3,17,1.6%,,"1,062",33.5%,2.8%,0.5%,0.0%,8.9%,0.8%
72135510600,PR,Toa Alta Municipio,17,17,118,8.1%,,"1,454",20.2%,6.1%,3.7%,0.0%,8.9%,0.8%
72135510700,PR,Toa Alta Municipio,10,10,49,9.5%,,514,20.0%,10.0%,3.1%,0.0%,8.9%,0.8%
72137000000,PR,Toa Baja Municipio,1,1,0,0.0%,,0,,,,,,
72137120200,PR,Toa Baja Municipio,12,13,61,8.2%,2.5%,743,17.7%,6.6%,2.6%,0.0%,9.6%,0.9%
72137120300,PR,Toa Baja Municipio,14,14,41,12.6%,,327,13.8%,9.3%,6.7%,0.0%,9.6%,0.9%
72137120400,PR,Toa Baja Municipio,11,9,25,10.4%,1.0%,243,11.3%,7.3%,3.4%,0.0%,9.6%,0.9%
72137120500,PR,Toa Baja Municipio,9,9,22,8.8%,2.3%,250,17.4%,7.2%,3.0%,0.0%,9.6%,0.9%
72137120600,PR,Toa Baja Municipio,11,11,49,10.0%,,492,14.2%,9.7%,2.3%,0.0%,9.6%,0.9%
72137120700,PR,Toa Baja Municipio,10,8,26,9.2%,0.6%,284,20.2%,7.3%,4.6%,0.0%,9.6%,0.9%
72137120800,PR,Toa Baja Municipio,12,12,65,8.9%,,731,16.8%,8.1%,2.3%,0.0%,9.6%,0.9%
72137120900,PR,Toa Baja Municipio,13,11,68,8.2%,1.5%,827,15.2%,6.9%,1.4%,0.0%,9.6%,0.9%
72137121000,PR,Toa Baja Municipio,16,11,108,8.4%,1.1%,"1,290",19.0%,6.6%,3.2%,0.0%,9.6%,0.9%
72137121100,PR,Toa Baja Municipio,7,7,17,7.4%,0.0%,230,21.6%,5.9%,2.9%,0.0%,9.6%,0.9%
72137121200,PR,Toa Baja Municipio,7,7,16,7.4%,,218,21.1%,5.2%,3.3%,0.0%,9.6%,0.9%
72137121300,PR,Toa Baja Municipio,9,9,22,8.8%,0.0%,252,17.7%,8.8%,2.0%,0.0%,9.6%,0.9%
72137121400,PR,Toa Baja Municipio,13,13,74,6.7%,,"1,103",19.3%,4.7%,1.9%,0.0%,9.6%,0.9%
72137121700,PR,Toa Baja Municipio,11,11,30,10.5%,,287,20.7%,10.1%,5.1%,0.0%,9.6%,0.9%
72137121801,PR,Toa Baja Municipio,10,10,26,9.6%,,270,17.1%,6.0%,5.1%,0.0%,9.6%,0.9%
72137121802,PR,Toa Baja Municipio,16,16,99,9.9%,,998,16.3%,7.7%,4.1%,0.0%,9.6%,0.9%
72137121900,PR,Toa Baja Municipio,11,11,54,8.2%,,652,17.5%,5.6%,3.2%,0.0%,9.6%,0.9%
72137122000,PR,Toa Baja Municipio,16,16,105,8.2%,,"1,281",17.2%,6.7%,2.2%,0.0%,9.6%,0.9%
72137122100,PR,Toa Baja Municipio,15,15,16,13.8%,,113,15.4%,15.4%,5.1%,0.0%,9.6%,0.9%
72137122200,PR,Toa Baja Municipio,7,7,33,7.3%,,456,18.7%,6.2%,1.6%,0.0%,9.6%,0.9%
72137122400,PR,Toa Baja Municipio,15,15,22,13.5%,4.0%,166,21.9%,18.8%,4.7%,0.0%,9.6%,0.9%
72139060101,PR,Trujillo Alto Municipio,9,9,45,4.1%,,"1,110",20.4%,4.6%,1.1%,0.0%,7.8%,0.4%
72139060102,PR,Trujillo Alto Municipio,3,3,16,3.4%,1.3%,470,24.4%,4.4%,1.6%,0.0%,7.8%,0.4%
72139060211,PR,Trujillo Alto Municipio,7,7,36,4.7%,,780,20.5%,4.5%,2.2%,0.0%,7.8%,0.4%
72139060212,PR,Trujillo Alto Municipio,6,6,33,6.1%,0.9%,546,16.1%,6.3%,1.8%,0.0%,7.8%,0.4%
72139060213,PR,Trujillo Alto Municipio,8,8,42,5.7%,0.4%,732,17.6%,5.9%,2.0%,0.0%,7.8%,0.4%
72139060222,PR,Trujillo Alto Municipio,8,8,40,4.5%,0.6%,871,20.8%,5.5%,1.5%,0.0%,7.8%,0.4%
72139060223,PR,Trujillo Alto Municipio,4,4,21,4.6%,0.5%,464,19.4%,5.7%,1.0%,0.0%,7.8%,0.4%
72139060301,PR,Trujillo Alto Municipio,8,8,41,4.9%,,832,19.7%,5.0%,1.9%,0.0%,7.8%,0.4%
72139060302,PR,Trujillo Alto Municipio,2,2,12,1.4%,,858,28.6%,2.5%,1.0%,0.0%,7.8%,0.4%
72139060400,PR,Trujillo Alto Municipio,14,14,80,4.2%,,"1,902",19.7%,4.0%,1.6%,0.0%,7.8%,0.4%
72139060501,PR,Trujillo Alto Municipio,3,3,16,4.7%,,342,19.2%,6.2%,0.7%,0.0%,7.8%,0.4%
72139060502,PR,Trujillo Alto Municipio,11,11,19,10.1%,,183,10.2%,8.3%,5.1%,0.0%,7.8%,0.4%
72141956900,PR,Utuado Municipio,16,16,31,14.6%,,210,15.2%,13.0%,5.4%,0.0%,14.0%,-0.5%
72141957000,PR,Utuado Municipio,14,14,40,13.0%,,310,14.8%,9.2%,5.2%,0.0%,14.0%,-0.5%
72141957100,PR,Utuado Municipio,18,18,52,17.0%,,306,13.4%,14.2%,8.2%,0.0%,14.0%,-0.5%
72141957200,PR,Utuado Municipio,16,16,42,14.4%,,289,8.8%,10.3%,4.6%,0.0%,14.0%,-0.5%
72141957300,PR,Utuado Municipio,18,18,103,17.7%,,586,12.7%,16.5%,7.6%,0.0%,14.0%,-0.5%
72141957400,PR,Utuado Municipio,13,13,10,12.1%,,81,17.9%,10.7%,3.6%,0.0%,14.0%,-0.5%
72141957500,PR,Utuado Municipio,16,13,14,15.2%,1.9%,89,13.6%,15.2%,4.5%,0.0%,14.0%,-0.5%
72141957600,PR,Utuado Municipio,13,13,22,11.8%,,185,9.9%,7.4%,2.5%,0.0%,14.0%,-0.5%
72143000000,PR,Vega Alta Municipio,1,1,0,0.0%,,0,,,,,,
72143550100,PR,Vega Alta Municipio,17,17,112,9.6%,,"1,165",17.8%,4.7%,1.4%,0.0%,12.6%,1.6%
72143550200,PR,Vega Alta Municipio,7,7,25,7.9%,,317,26.0%,5.8%,0.6%,0.0%,12.6%,1.6%
72143550300,PR,Vega Alta Municipio,18,18,34,17.9%,,188,12.6%,14.2%,7.7%,0.0%,12.6%,1.6%
72143550400,PR,Vega Alta Municipio,15,13,44,13.2%,2.5%,335,13.9%,9.7%,2.9%,0.0%,12.6%,1.6%
72143550500,PR,Vega Alta Municipio,13,12,73,11.2%,2.0%,658,19.0%,6.8%,3.1%,0.0%,12.6%,1.6%
72143550601,PR,Vega Alta Municipio,15,15,35,13.7%,,257,17.6%,9.6%,5.1%,0.0%,12.6%,1.6%
72143550602,PR,Vega Alta Municipio,16,16,59,14.2%,,413,20.0%,8.0%,8.0%,0.0%,12.6%,1.6%
72145560100,PR,Vega Baja Municipio,15,15,33,13.8%,,240,13.1%,11.1%,3.9%,0.0%,12.9%,0.5%
72145560201,PR,Vega Baja Municipio,13,11,72,10.8%,1.5%,663,11.3%,5.6%,1.9%,0.0%,12.9%,0.5%
72145560202,PR,Vega Baja Municipio,11,10,40,10.1%,1.0%,396,16.6%,5.9%,2.2%,0.0%,12.9%,0.5%
72145560300,PR,Vega Baja Municipio,16,13,62,14.8%,2.3%,419,17.5%,12.6%,6.3%,0.0%,12.9%,0.5%
72145560400,PR,Vega Baja Municipio,18,18,145,11.0%,,"1,316",15.3%,6.6%,3.0%,0.0%,12.9%,0.5%
72145560500,PR,Vega Baja Municipio,14,18,35,12.8%,7.7%,276,8.6%,9.7%,1.5%,0.0%,12.9%,0.5%
72145560600,PR,Vega Baja Municipio,11,11,36,10.2%,,355,16.5%,8.0%,1.1%,0.0%,12.9%,0.5%
72145560701,PR,Vega Baja Municipio,19,19,161,12.9%,,"1,256",14.9%,9.6%,3.9%,0.0%,12.9%,0.5%
72145560702,PR,Vega Baja Municipio,14,14,63,12.9%,,489,14.1%,8.7%,4.3%,0.0%,12.9%,0.5%
72145560801,PR,Vega Baja Municipio,14,14,18,12.6%,,145,15.1%,6.8%,5.5%,0.0%,12.9%,0.5%
72145560802,PR,Vega Baja Municipio,18,18,37,18.8%,,199,15.0%,13.3%,11.7%,0.0%,12.9%,0.5%
72145560900,PR,Vega Baja Municipio,18,18,32,16.8%,,192,12.0%,15.1%,6.0%,0.0%,12.9%,0.5%
72147000000,PR,Vieques Municipio,1,1,0,0.0%,,0,,,,,,
72147950100,PR,Vieques Municipio,13,13,3,11.5%,,28,14.3%,3.6%,3.6%,0.0%,12.3%,1.6%
72147950200,PR,Vieques Municipio,14,15,9,12.3%,3.7%,71,11.6%,7.2%,1.4%,0.0%,12.3%,1.6%
72147950300,PR,Vieques Municipio,13,13,5,11.6%,,45,20.5%,2.3%,6.8%,0.0%,12.3%,1.6%
72147950400,PR,Vieques Municipio,16,16,15,15.2%,,99,13.3%,8.2%,6.1%,0.0%,12.3%,1.6%
72149720100,PR,Villalba Municipio,13,13,24,11.9%,,199,16.4%,8.2%,2.1%,0.0%,13.7%,0.7%
72149720300,PR,Villalba Municipio,16,16,48,14.6%,,330,12.4%,7.6%,5.5%,0.0%,13.7%,0.7%
72149720400,PR,Villalba Municipio,11,13,11,10.0%,3.4%,114,18.6%,5.1%,1.7%,0.0%,13.7%,0.7%
72149720501,PR,Villalba Municipio,13,13,59,11.5%,,513,16.7%,5.9%,2.9%,0.0%,13.7%,0.7%
72149720502,PR,Villalba Municipio,18,18,26,18.9%,,137,6.3%,9.4%,9.4%,0.0%,13.7%,0.7%
72151000000,PR,Yabucoa Municipio,1,1,0,0.0%,,0,,,,,,
72151950600,PR,Yabucoa Municipio,17,17,97,15.8%,,613,17.2%,9.9%,3.2%,0.0%,17.7%,-0.1%
72151950700,PR,Yabucoa Municipio,19,19,24,21.7%,,109,11.6%,16.8%,6.3%,0.0%,17.7%,-0.1%
72151950800,PR,Yabucoa Municipio,17,17,32,15.4%,,206,15.3%,8.4%,3.0%,0.0%,17.7%,-0.1%
72151950900,PR,Yabucoa Municipio,17,17,16,15.4%,,106,21.2%,9.1%,4.5%,0.0%,17.7%,-0.1%
72151951000,PR,Yabucoa Municipio,10,8,31,9.3%,0.7%,335,29.0%,4.3%,0.5%,0.0%,17.7%,-0.1%
72151951100,PR,Yabucoa Municipio,16,16,26,14.2%,,184,20.9%,7.3%,3.6%,0.0%,17.7%,-0.1%
72151951200,PR,Yabucoa Municipio,18,18,33,17.2%,,190,17.8%,12.3%,4.1%,0.0%,17.7%,-0.1%
72151951300,PR,Yabucoa Municipio,18,18,46,17.5%,,264,16.9%,13.4%,3.5%,0.0%,17.7%,-0.1%
72153750101,PR,Yauco Municipio;,19,19,17,21.7%,,77,12.5%,21.4%,8.9%,0.0%,12.8%,0.0%
72153750102,PR,Yauco Municipio;,10,10,9,9.6%,,94,19.6%,6.5%,2.2%,0.0%,12.8%,0.0%
72153750201,PR,Yauco Municipio;,18,18,22,17.0%,,130,11.6%,14.5%,5.8%,0.0%,12.8%,0.0%
72153750202,PR,Yauco Municipio;,11,11,16,10.4%,,155,15.9%,5.6%,2.8%,0.0%,12.8%,0.0%
72153750300,PR,Yauco Municipio;,11,11,58,8.1%,,708,19.8%,4.1%,1.5%,0.0%,12.8%,0.0%
72153750400,PR,Yauco Municipio;,13,18,44,11.8%,9.1%,372,15.0%,7.5%,3.3%,0.0%,12.8%,0.0%
72153750501,PR,Yauco Municipio;,15,15,91,13.1%,3.7%,693,16.3%,9.0%,4.8%,0.0%,12.8%,0.0%
72153750502,PR,Yauco Municipio;,17,16,29,16.1%,4.2%,178,13.6%,16.9%,3.4%,0.0%,12.8%,0.0%
72153750503,PR,Yauco Municipio;,12,12,27,10.6%,,256,23.3%,11.7%,1.7%,0.0%,12.8%,0.0%
72153750601,PR,Yauco Municipio;,11,5,58,8.7%,0.1%,669,19.3%,5.6%,1.3%,0.0%,12.8%,0.0%
72153750602,PR,Yauco Municipio;,19,19,13,19.0%,,66,7.3%,14.6%,7.3%,0.0%,12.8%,0.0%